Job tenure,Age,Car price,Funding amount,Down payment,Loan duration,Monthly payment,Credit event,Married,Homeowner,Predicted_PD,True_Label
2,22,8900,8900,0,60,0.08482758620689655,0,0,0,0.2900618004332539,1
0,55,10400,9400,0,72,0.08388888888888889,0,0,0,0.3570165194658836,0
1,40,15990,14990,0,60,0.127141568981064,0,1,0,0.22500812681606402,1
5,43,19999,23233,0,72,0.153288740245262,0,0,0,0.43465844037610873,0
1,26,11800,4298,1,24,0.115527950310559,0,0,0,0.08335730042589085,0
3,21,10090,11948,0,60,0.1384615384615385,0,0,0,0.5445724557990721,0
14,52,9400,9400,0,24,0.08095238095238096,0,0,1,0.09631899214424977,0
4,58,11504,12041,0,36,0.08875,0,1,1,0.08087318092054739,0
5,58,20660,22237,0,60,0.1622222222222222,0,1,1,0.16006349677770443,0
0,20,22990,25703,0,96,0.2736363636363636,0,0,1,0.5397968080600718,1
0,61,6500,6500,0,36,0.062,0,0,0,0.28686667724909043,0
13,53,5388,5589,0,48,0.09357142857142857,0,0,0,0.14230039861321175,0
4,37,9900,10172,0,60,0.11,0,0,1,0.2218671714382015,0
3,22,18990,17490,0,60,0.1354838709677419,0,0,0,0.19186352571092113,1
20,66,13385,9485,0,48,0.1557142857142857,0,1,0,0.06219669261263574,0
1,50,6350,6350,0,48,0.08764705882352941,0,1,0,0.3100340375938708,0
6,71,11990,9490,0,72,0.07407407407407407,0,0,1,0.17247439561581446,0
3,48,19250,19250,0,60,0.177,0,1,0,0.22089127639312772,0
13,58,18900,8900,1,72,0.09927536231884058,0,1,1,0.02633170931110484,0
1,35,21400,7680,1,48,0.1636363636363636,0,1,1,0.024505557332000768,0
10,74,3860,2663,0,24,0.0975,0,0,0,0.17600022501873167,0
17,77,5190,5150,0,36,0.09047619047619047,0,0,0,0.21517649507833728,0
4,26,20990,22381,0,72,0.1230425055928412,0,0,0,0.41128771954431187,0
0,40,3990,2213,0,24,0.0410958904109589,0,1,0,0.17025677483094198,1
0,50,7990,5827,0,60,0.03057142857142857,0,1,1,0.08069978198046805,0
8,49,6155,6743,0,72,0.06867233485938522,0,0,1,0.20637422323337928,0
15,54,7790,7790,0,60,0.07833333333333334,0,1,1,0.12009574051046859,0
5,51,8536,9490,0,60,0.1329411764705882,0,0,0,0.4290821035032841,0
26,42,15250,7625,0,24,0.1272,0,1,0,0.0301976593869236,0
2,20,16877,17016,0,72,0.08714285714285715,0,0,0,0.37076741366548677,1
10,76,4764,4764,0,24,0.08333333333333333,0,0,0,0.15656103807027671,1
25,54,20450,16837,0,72,0.124,0,1,0,0.09001042170846517,0
1,54,33485,26485,0,96,0.07666666666666666,0,1,1,0.1372975728927386,0
23,50,8650,5150,1,60,0.04619047619047619,0,1,1,0.053550122494149956,0
3,24,7790,8629,0,60,0.05555555555555555,0,1,0,0.49693006694284664,1
24,83,9850,2592,1,12,0.111,0,1,1,0.04982737648304569,0
8,51,9540,7113,0,60,0.12,0,1,0,0.09753347360980573,0
5,38,14495,10317,0,60,0.06333333333333334,0,0,0,0.12455349497202327,0
11,61,15900,10900,0,48,0.0825,0,1,1,0.03378185608775957,0
3,32,9650,7850,0,48,0.07636363636363637,0,0,1,0.09204289396626958,0
20,57,4600,4812,0,36,0.06029285099052541,0,1,1,0.06831676854987524,0
4,30,22450,24689,0,72,0.114951768488746,0,1,0,0.2751365138126956,0
0,64,4240,4832,0,48,0.0773598296664301,1,1,0,0.6499927708134462,1
10,26,12000,12000,0,48,0.06178571428571428,0,1,1,0.05919239202487824,0
1,66,7896,7896,0,60,0.11,0,0,0,0.4434813516879258,0
3,23,6480,7055,0,36,0.06277777777777778,0,0,0,0.2254608446154428,0
5,49,15700,14950,0,72,0.1493333333333333,0,1,1,0.11521775454331275,0
4,21,9985,10114,0,96,0.09891696750902527,0,0,0,0.3405466556882292,0
27,74,10985,8101,0,72,0.1056,0,1,1,0.10260147973249101,0
1,52,3750,2750,0,36,0.03153846153846154,0,1,1,0.07820156815794475,0
21,49,13550,14866,0,60,0.07681818181818181,0,1,0,0.12586205671822523,0
1,28,7656,8354,0,60,0.1162790697674419,0,0,0,0.5098532196669622,1
8,82,25990,23315,0,60,0.1567857142857143,0,0,1,0.701654838441571,0
2,30,9246,9725,0,36,0.04947773501924134,0,1,0,0.1627129367294688,0
22,65,9596,10497,0,60,0.1072222222222222,0,0,0,0.34371576021171124,0
2,20,7990,7955,0,72,0.1285097192224622,0,0,1,0.3894457032309688,0
2,67,8980,8980,0,60,0.04615384615384616,0,0,1,0.25511706472620216,0
12,37,9990,12131,0,96,0.05930232558139535,0,1,0,0.1976542305306807,0
0,28,10250,8100,0,96,0.05185185185185185,0,1,0,0.2469798962812644,0
0,20,7000,7606,0,60,0.09333333333333334,0,0,0,0.5707520856266327,0
0,50,7551,8125,0,48,0.11125,0,1,0,0.34955106297232874,0
9,38,4502,4856,0,48,0.08384615384615385,1,0,0,0.5808143825842365,1
0,39,9579,12756,0,96,0.0775,0,0,0,0.5392940652928343,0
9,61,7700,8098,0,36,0.1214430894308943,0,1,0,0.14111240721515086,0
4,27,10000,3615,1,24,0.07822620827105133,0,0,0,0.04785047828390901,0
8,61,8238,8238,0,36,0.07028571428571428,0,1,1,0.05897459959934349,0
7,44,19400,21018,0,60,0.0916165546515741,0,0,0,0.18548590546375032,1
34,51,3075,3075,0,36,0.02275,0,1,1,0.07560334667312597,0
3,50,10000,9799,0,60,0.1314285714285714,0,1,1,0.11863801336584591,0
19,53,16500,15856,0,60,0.04658018867924528,0,1,0,0.077688581233059,0
12,61,5290,5424,0,36,0.0616357171078625,0,0,0,0.14769674674194933,0
10,31,10500,7000,0,48,0.08333333333333333,0,0,1,0.06282217566893811,0
34,55,24190,16850,0,60,0.2038461538461538,0,1,1,0.05597105086710255,0
2,50,14319,14319,0,72,0.1517241379310345,0,1,0,0.3006522676862105,0
1,37,24900,26597,0,60,0.08027027027027027,0,1,0,0.49684332467497094,0
1,20,6400,6940,0,60,0.08928571428571429,0,0,0,0.6114232980711705,1
19,49,19118,19118,0,72,0.05915244261330194,0,0,0,0.11190768850067812,0
40,66,16150,14104,0,60,0.0803448275862069,0,1,1,0.047154467933604026,0
6,42,9990,10124,0,72,0.128448275862069,0,1,0,0.16528046585712444,0
5,31,21895,24053,0,72,0.204,0,0,0,0.44927810242200467,1
18,40,9300,6272,0,60,0.01813471502590673,0,1,1,0.08817683102288383,0
2,35,11200,12433,0,96,0.06547619047619048,0,0,0,0.27746538110470914,0
1,46,11250,13360,0,84,0.114321608040201,0,1,0,0.3887190655901146,0
0,21,18970,19417,0,60,0.2176,0,0,0,0.6182929703928126,1
1,65,5800,4300,0,60,0.054,0,1,0,0.25469260815276284,0
0,49,16450,16450,0,60,0.155,0,0,0,0.32590554785411535,0
0,23,13980,13980,0,60,0.1191185229303157,0,0,0,0.43931539305561373,1
1,30,11750,10965,0,48,0.07027027027027027,0,0,0,0.1952191644433723,0
6,34,7190,7951,0,36,0.08418367346938775,0,0,1,0.11394014733174133,0
4,39,12500,12500,0,60,0.08198433420365535,0,0,0,0.21955188428702452,0
5,35,10105,11339,0,96,0.09225806451612903,0,0,0,0.31627340029301915,1
1,27,17069,20660,0,96,0.1321070234113712,0,0,0,0.6514857490112314,1
48,64,13620,9000,0,12,0.09416195856873823,0,0,0,0.05367626711546234,0
1,28,10990,10990,0,72,0.09941176470588235,0,0,0,0.3466080252077404,0
6,59,13880,11077,0,60,0.0832,0,1,1,0.04779199913058166,0
9,43,10520,5340,0,24,0.1224489795918367,0,0,1,0.04890600725372148,0
25,58,18538,9273,0,60,0.05581395348837209,0,1,0,0.04026398337659368,0
24,58,13500,11950,0,60,0.06265664160401002,0,0,0,0.09243434336599933,0
8,26,7970,8709,0,72,0.07135135135135136,0,0,0,0.2241625566927896,0
5,70,14200,5000,1,24,0.1433333333333333,0,1,1,0.019123435654517764,0
7,55,21524,21524,0,72,0.17125,0,0,1,0.19899125952578603,0
1,28,20039,21680,0,60,0.1517948717948718,0,0,1,0.24074324482141418,0
7,50,13500,13677,0,72,0.09562841530054644,0,1,1,0.09776132749615454,0
4,33,9890,8227,0,60,0.03743589743589744,0,0,0,0.17364063565409443,0
15,38,12485,11184,0,48,0.03540372670807453,0,0,1,0.05446605570015659,0
1,44,13000,11952,0,60,0.1215469613259668,0,1,0,0.23066795829552636,1
22,62,9790,5480,1,36,0.3521739130434783,0,1,1,0.05813586217046515,0
2,26,12990,6990,0,24,0.07593052109181142,0,0,0,0.06431207739475213,0
10,51,18500,20378,0,72,0.09571428571428571,0,1,0,0.20228057203201857,0
6,53,6000,6000,0,36,0.0885,0,0,0,0.1243427035684422,0
3,21,23000,21250,0,72,0.1870748299319728,0,0,0,0.4647850845854446,1
0,46,12500,11374,0,60,0.07523277467411546,0,1,1,0.07637983767784588,0
1,28,7500,6193,0,60,0.114,0,0,0,0.3913747289446357,0
2,24,7560,6592,0,60,0.07,0,0,0,0.33236568513097586,0
2,22,7990,7990,0,60,0.075,0,0,0,0.3705816189862094,0
20,49,11490,10086,0,36,0.04227304227304227,0,1,1,0.04524877509172024,0
2,29,22850,22850,0,60,0.1519352975158868,0,0,0,0.5547124130249979,1
1,21,9190,10723,0,48,0.1792592592592593,0,0,0,0.4766567761661729,0
0,29,16730,11730,0,36,0.125,0,0,0,0.14357926399213725,0
6,25,7579,8541,0,96,0.0784,0,0,0,0.26763224538720737,1
3,51,23100,18568,0,60,0.04716981132075472,0,1,1,0.05891265768836866,0
5,36,13684,13927,0,12,0.08666666666666667,0,1,0,0.08912170959323838,0
1,45,21000,22789,0,60,0.15625,0,1,1,0.17518255724755774,0
7,60,5360,1948,1,36,0.04142857142857143,0,1,0,0.06196336733881841,0
20,43,17000,17000,0,60,0.1530769230769231,0,1,1,0.11406352889720628,0
30,61,9100,9100,0,72,0.0568,0,1,1,0.11767424308251288,0
16,58,6000,6854,0,60,0.084,0,1,1,0.12212523594748038,1
1,28,2950,1900,0,72,0.0275,0,1,1,0.18198508239848188,0
5,29,10220,7905,0,48,0.1375579598145286,1,0,0,0.30835503572966366,0
28,51,16000,7250,0,48,0.05829756795422032,0,0,0,0.03296354065473357,0
22,77,11800,3800,1,12,0.09434782608695652,0,1,1,0.023622947098885592,0
5,67,14488,11627,0,48,0.1835714285714286,0,1,1,0.060034839528835794,0
23,42,7490,6773,0,48,0.075,0,0,1,0.11140106151239317,0
17,44,10900,5900,0,60,0.1132075471698113,0,0,0,0.1385509791527293,0
0,57,12990,14674,0,60,0.216,0,0,0,0.47733694099991053,1
32,62,3629,3629,0,12,0.124,0,1,1,0.04243609539000998,0
5,42,7430,8596,0,72,0.0399120050282841,0,1,1,0.1656323000272993,0
3,36,18470,20098,0,60,0.1131455399061033,0,1,0,0.3137921326233514,0
1,21,21990,21990,0,60,0.1929032258064516,0,0,0,0.7931630289850796,0
6,28,9450,5794,0,24,0.06972222222222223,0,0,0,0.053289550460612754,0
2,65,20900,15900,0,96,0.1094736842105263,0,1,1,0.07139071837104363,0
9,69,13300,12300,0,96,0.07380952380952381,0,1,1,0.07869529774598065,0
3,19,18990,20281,0,72,0.1914285714285714,0,0,0,0.5000681192250518,1
19,59,13990,9990,0,60,0.08545454545454545,0,0,0,0.10983640509970918,1
1,56,5000,4700,0,48,0.1330049261083744,0,1,0,0.21513842538415273,0
2,40,10900,8900,0,48,0.0776061776061776,0,1,1,0.06713446414074604,0
9,38,19880,13880,0,72,0.1651851851851852,0,0,0,0.11354692460936984,0
0,26,19886,23192,0,72,0.256551724137931,0,1,0,0.6987773019181514,0
30,56,11050,11050,0,48,0.09071428571428572,0,1,1,0.05656573999486341,0
10,58,24500,16329,0,48,0.1133333333333333,0,1,0,0.044241506891790884,0
24,53,6019,3353,0,36,0.04347826086956522,0,1,1,0.05009319798590682,0
1,51,6300,7200,0,60,0.07857142857142857,0,0,0,0.4665890688295216,0
0,38,11199,11510,0,12,0.1113636363636364,0,0,0,0.20227326817993702,0
31,55,12669,13881,0,72,0.09294117647058824,0,0,0,0.24531128267852462,0
3,65,6990,3790,0,48,0.06692307692307692,0,0,0,0.17617893976699847,0
25,53,3700,3758,0,48,0.06589147286821706,0,0,0,0.13655102058767118,0
0,41,8490,9371,0,60,0.07470588235294118,0,0,0,0.5600533049042717,0
27,54,13890,11390,0,60,0.08666666666666667,0,1,1,0.04991529026429744,0
10,63,19890,21137,0,72,0.1092515109251511,0,1,0,0.1602339660892268,1
19,78,13950,9895,0,60,0.1071428571428571,0,0,0,0.28693286263978435,0
7,59,9035,9742,0,36,0.1066843736166445,0,1,0,0.10412685777356495,0
27,46,6244,6244,0,36,0.09947368421052631,0,1,1,0.06656105007087627,0
25,49,9250,10380,0,96,0.05954545454545455,0,0,1,0.17886539400840842,0
20,58,7641,7903,0,24,0.1536363636363636,0,1,0,0.09259909343683237,0
32,54,18990,13840,0,60,0.1176470588235294,0,1,0,0.05675252903528476,0
32,59,13700,12700,0,84,0.105,0,0,0,0.17995988022231696,0
3,45,12901,9990,0,84,0.1007142857142857,0,1,1,0.08596741825927888,0
1,49,13750,13012,0,60,0.1193877551020408,0,1,1,0.12719468483920493,0
5,48,9400,10502,0,96,0.04765450483991065,0,0,0,0.27495960300755684,0
13,37,9950,10872,0,72,0.1178571428571429,0,0,0,0.2616270736252819,0
17,48,17000,17000,0,84,0.1904382470119522,0,1,1,0.13505251720239556,0
11,53,14440,15666,0,60,0.1306666666666667,0,1,0,0.20874480552908625,0
29,46,16809,16939,0,72,0.09317073170731707,0,1,1,0.11742718628545672,0
1,31,3950,2000,0,12,0.1425,0,1,1,0.07399360265488454,0
7,49,16388,16388,0,60,0.149,0,0,0,0.21399875654188671,0
4,39,9590,9190,0,60,0.07466666666666667,0,1,0,0.22747550749331755,0
36,59,7897,8173,0,24,0.1424,0,1,1,0.07830050456003768,0
4,30,7990,8122,0,60,0.07684210526315789,0,0,0,0.33700933428735896,0
22,57,2700,2700,0,12,0.231,0,1,1,0.04841444520003263,0
23,57,13500,13500,0,72,0.1013636363636364,0,1,1,0.09988053510373583,0
10,32,17910,13410,0,48,0.1054166666666667,0,1,0,0.04661742062439341,0
0,44,5839,6067,0,24,0.02547223812249571,0,1,0,0.19439680234292428,0
7,59,24585,21585,0,60,0.1125523012552301,0,0,0,0.1937939683367351,0
1,55,6990,6990,0,72,0.08,0,0,0,0.3553387780207767,1
3,60,4016,4016,0,17,0.081,0,1,1,0.05244171173728861,0
4,34,12790,12790,0,48,0.2096296296296296,0,0,0,0.2417925680585308,0
6,49,16250,10380,0,96,0.07168674698795181,0,0,0,0.08171498589472018,0
5,50,7685,8342,0,60,0.076,0,1,0,0.28696664325990257,0
5,54,12690,11083,0,60,0.161189358372457,0,0,0,0.23115856413518246,1
0,21,6350,7254,0,60,0.1108333333333333,0,0,0,0.6970178225617214,0
8,28,24900,12100,0,48,0.1116666666666667,0,1,0,0.02648682596151396,0
1,26,5675,5675,0,49,0.07446808510638298,0,1,0,0.30550039370974463,1
2,65,7500,7499,0,96,0.062,0,1,0,0.2598365814079717,0
1,25,7825,8562,0,72,0.07333333333333333,0,0,0,0.4243246985837785,1
2,27,8690,9427,0,48,0.09818181818181818,0,1,0,0.28354700437261976,1
33,51,19990,22863,0,60,0.09060092449922959,0,0,0,0.20396784008965263,0
7,47,18490,21146,0,60,0.1104,0,1,0,0.21235418901679282,1
28,63,20310,21033,0,48,0.064,0,1,0,0.08006004960851913,0
2,31,8990,5500,0,48,0.07875,0,0,0,0.11321983351035868,0
3,50,14200,9869,0,36,0.09896551724137931,0,1,1,0.040626858277568303,0
6,38,16490,14490,0,60,0.09433310297166551,0,1,0,0.09137529180679518,0
20,63,7000,7000,0,12,0.06818181818181818,0,1,1,0.048197396391621,0
1,19,22890,22890,0,60,0.2296296296296296,0,0,0,0.8220822554632844,1
8,51,15900,12897,0,48,0.2153846153846154,0,0,0,0.09087216120711988,0
4,36,9335,2394,1,12,0.05904486251808973,0,1,0,0.035433341454918346,1
8,37,34829,13829,1,36,0.09828850855745722,0,1,1,0.015263556613874808,0
1,32,7650,8305,0,96,0.05657142857142857,0,0,0,0.43107250354127596,0
1,52,16800,17941,0,48,0.1360655737704918,0,1,1,0.1303900334763726,0
15,78,12540,12240,0,48,0.1346153846153846,0,0,1,0.22270368468176416,0
8,67,8590,9071,0,72,0.08848484848484849,0,0,0,0.3357870647110684,0
44,64,11884,7843,0,48,0.077474249888043,0,0,0,0.07489508899463895,0
0,37,5400,4346,0,60,0.03478260869565217,0,1,0,0.2542739081545074,0
9,52,20204,3285,1,12,0.2,0,1,0,0.00881797053719087,0
28,55,17945,20863,0,72,0.07623478883321402,0,1,1,0.15261459571484373,0
13,39,4600,3022,0,24,0.08666666666666667,0,0,1,0.07249352663853759,0
14,79,11990,8282,0,48,0.116875,0,1,1,0.07690313495977721,0
36,54,34705,11365,1,36,0.132,0,0,0,0.021086226713928877,0
0,30,10900,8900,0,60,0.08648648648648649,0,0,0,0.2728128043484202,0
2,26,10360,10490,0,60,0.06388888888888888,0,0,0,0.2931019712650424,0
2,63,20590,17590,0,60,0.1088962716869694,0,1,0,0.14201187086266417,0
2,33,15990,17661,0,72,0.1074418604651163,0,0,0,0.39758379379466735,1
3,23,4650,4650,0,60,0.06071428571428571,0,0,0,0.24167013144583893,0
46,62,13699,14544,0,72,0.05714285714285714,0,1,0,0.12734370509196635,0
4,57,7800,7800,0,48,0.0838095238095238,0,1,0,0.17160456406008645,0
5,39,19300,8500,1,36,0.1930769230769231,0,1,0,0.022156404772554584,0
14,77,10046,10046,0,36,0.2466666666666667,0,0,0,0.23772215295212423,1
8,73,12750,9750,0,36,0.03636363636363636,0,1,1,0.04364147808529957,0
6,50,5100,5100,0,72,0.03359511343804537,0,1,0,0.1387191890211248,0
10,30,11689,5189,0,36,0.07285714285714286,0,0,0,0.055868033224844696,0
7,29,17290,11928,0,60,0.1047058823529412,0,0,0,0.1032191471187131,0
20,53,26980,24203,0,60,0.1383333333333333,0,1,1,0.10149815499212321,0
1,46,7105,4414,0,48,0.1030042918454936,0,1,0,0.19105753756540214,0
2,68,8950,11055,0,60,0.1035398230088496,0,1,0,0.31965677816820576,0
0,56,13300,14970,0,60,0.1346666666666667,0,0,1,0.3041604251828658,1
17,42,10905,12401,0,60,0.076,1,1,1,0.4154649564937582,0
3,45,11290,2290,1,24,0.08608695652173913,0,1,1,0.0253403127278409,0
11,54,9521,9479,0,96,0.08222222222222222,0,1,1,0.13568534507154636,0
21,54,10989,9489,0,96,0.1025641025641026,0,0,1,0.15265397013552373,0
19,54,7719,8230,0,36,0.0965,0,1,1,0.09047082336010076,0
3,22,13333,11747,0,60,0.1361290322580645,0,0,0,0.23431336539579217,0
1,35,23232,23232,0,72,0.1363636363636364,0,0,0,0.5919598248649643,0
1,24,14050,15462,0,60,0.1340361445783133,0,1,0,0.6433100984947282,1
2,55,7990,6508,0,24,0.09366666666666666,0,0,0,0.15359770315511018,0
2,37,16110,18266,0,60,0.0838095238095238,0,1,1,0.18976989815362755,0
4,36,8890,5890,0,36,0.1061557788944724,0,0,0,0.08711635110706192,0
14,38,14950,16950,0,60,0.08916938110749185,0,1,1,0.15862828527419243,0
1,50,15200,6200,0,24,0.1350546176762661,0,0,0,0.06785737613296468,0
23,53,18881,17988,0,60,0.07703703703703704,0,1,0,0.15810717164083438,0
22,40,6500,6980,0,36,0.0980952380952381,0,0,0,0.13765252360215938,0
4,41,8990,4115,1,96,0.04545454545454546,0,1,0,0.10603028393492546,0
19,47,19000,20835,0,72,0.1194444444444445,0,0,0,0.26493527720974913,0
5,27,15150,13766,1,60,0.0765,0,0,0,0.17230451889777842,0
14,30,20850,25599,0,72,0.1170833333333333,0,0,0,0.4577022811767903,0
2,55,14290,4290,1,24,0.1377777777777778,0,0,1,0.03096837729631302,0
23,83,6420,6420,0,48,0.07631578947368421,0,1,1,0.20110963400718937,1
0,28,11500,11500,0,60,0.077,0,0,0,0.3019083173821132,0
17,56,8390,8926,0,60,0.08888888888888889,0,1,0,0.16872800844438274,0
6,24,13500,13500,0,60,0.1305263157894737,0,0,0,0.19352265439757899,0
6,66,15125,12939,0,60,0.1144827586206897,0,0,1,0.23823279601354846,0
14,73,7078,4000,1,48,0.02307692307692308,0,1,1,0.12871368757891535,0
3,34,8900,3085,1,24,0.135,0,1,0,0.04130394051645347,0
1,26,5990,5649,0,48,0.08291139240506329,0,0,0,0.31122813468688765,0
15,58,5037,5618,0,60,0.06058823529411764,0,1,0,0.16263524950075783,1
29,56,4785,4785,0,12,0.05493827160493827,0,0,0,0.06809534084359913,0
21,40,6752,6752,0,36,0.05934455270150576,0,1,1,0.06984449025540353,0
41,57,9200,7200,0,60,0.03685714285714286,0,1,1,0.05312310551022929,0
39,56,10890,9390,0,72,0.0576,0,1,1,0.07720145705219635,0
6,66,9085,9735,0,72,0.125,0,1,1,0.13487086651864374,0
1,64,13950,7309,1,36,0.1878260869565217,0,1,1,0.03282303942398146,0
2,21,22950,22656,0,84,0.1228139904610493,0,0,0,0.6667115152335734,1
0,37,10120,11306,0,96,0.05910267471958585,0,0,0,0.3686537136724032,0
9,40,16085,11085,0,48,0.05835667600373483,0,0,1,0.030558353581107343,0
22,54,8203,8203,0,72,0.05076923076923077,0,1,0,0.1100228658087033,0
22,52,4000,4112,0,36,0.04884615384615384,0,1,1,0.06132830342562019,0
1,55,7860,5990,0,60,0.0625,0,0,0,0.27054823416775203,0
9,67,9485,7441,0,72,0.08592592592592592,0,1,0,0.11427397748052043,0
6,32,8500,9941,0,72,0.1171428571428571,0,0,0,0.3816302838121004,0
8,47,9950,7950,0,48,0.04119973632168754,0,1,1,0.040802062983777615,0
18,49,12950,11933,0,72,0.0748936170212766,0,1,1,0.08360032649346885,0
5,23,10450,10841,0,60,0.07230769230769231,0,0,0,0.24808509389605307,0
1,33,5490,5530,0,36,0.1633663366336634,0,0,0,0.29127026854661214,1
2,42,24500,26201,0,48,0.1103703703703704,0,0,0,0.45161123017362675,1
1,39,1600,1600,0,24,0.04922644163150492,0,0,0,0.2711153949118417,0
5,59,9500,9937,0,36,0.2424496644295302,0,0,0,0.14980124502751968,1
10,70,11990,6990,0,72,0.05241379310344828,0,0,0,0.13641792664037286,0
1,30,20600,19086,0,72,0.1213793103448276,0,0,0,0.32072084239005283,1
0,26,11700,6108,0,36,0.09754738015607581,0,1,0,0.13063417754103934,0
2,46,16908,18467,0,72,0.1150670794633643,0,0,0,0.5759023956552384,0
7,39,12800,5877,1,60,0.04740200546946217,0,0,0,0.08019418674024248,0
38,55,18939,17066,0,72,0.09159482758620689,0,1,1,0.05473695113143258,0
7,55,13750,14551,0,48,0.0804,0,1,1,0.05643899737019892,1
20,48,22250,11150,1,60,0.04949494949494949,0,1,1,0.019697078071865434,0
3,25,18000,19599,0,60,0.0975,0,0,0,0.44245087593379084,1
11,33,8250,9015,0,72,0.1317307692307692,0,0,0,0.35957878976128294,0
6,42,14600,13100,0,48,0.07168458781362007,0,1,1,0.05157970559483993,0
12,77,10000,5000,0,12,0.1029411764705882,0,1,1,0.02878763448906768,0
3,67,12000,10000,0,72,0.1230769230769231,0,0,1,0.20603825323949868,0
4,51,8750,10469,0,84,0.1061538461538462,0,0,0,0.3787186413981872,0
1,41,20950,21800,0,60,0.1136363636363636,0,1,0,0.3292567689384305,0
2,44,5641,5851,0,48,0.08516129032258064,0,1,1,0.1035341273896597,0
0,33,4500,4731,0,60,0.04689655172413793,0,0,0,0.30307654193161154,0
11,76,6900,7407,0,60,0.1064285714285714,0,0,1,0.3051498079863065,1
2,49,8490,5631,0,36,0.09529411764705882,0,0,0,0.11726355245155431,1
5,51,15040,10500,0,60,0.03806970509383378,0,1,1,0.04647141139780843,0
7,30,5990,5888,0,72,0.0752,0,0,0,0.22367566618884716,0
11,77,17460,5350,1,24,0.1526666666666667,0,1,1,0.017220072242742846,0
3,46,7800,6800,0,60,0.078125,0,0,1,0.1951862954845633,0
1,23,28400,26448,0,60,0.2069182389937107,0,0,0,0.6551021966095103,0
18,45,9276,9276,0,48,0.07777777777777778,0,1,0,0.11322901662655367,1
0,50,12490,12490,0,60,0.0624,0,1,1,0.07316826416390619,0
0,29,19414,22300,0,72,0.1393709327548807,0,1,0,0.6142275013546575,0
26,52,9950,12973,0,84,0.07434782608695652,0,1,0,0.20133702263435327,0
0,53,13200,14383,0,36,0.1546153846153846,0,0,1,0.2193974050085906,0
18,51,16365,15461,1,72,0.1004347826086956,0,0,0,0.14969961406150256,0
7,47,28190,19876,0,72,0.131304347826087,0,0,1,0.14073278713775728,0
13,52,8833,5190,0,36,0.1390909090909091,0,0,0,0.08372135714113255,0
36,58,22487,14084,0,48,0.05231037489102005,0,0,0,0.02807603807405943,0
8,52,17945,17961,0,96,0.1105263157894737,0,1,1,0.12953915334767097,0
3,26,23640,23640,0,60,0.2683333333333333,0,1,0,0.5005493094409579,0
4,33,18390,11146,0,48,0.07171428571428572,0,0,0,0.04640198939306989,0
41,59,19630,17830,0,72,0.0564327485380117,0,1,1,0.04288530352605537,0
6,54,8990,3990,1,36,0.07,0,0,0,0.06113539333847886,0
3,21,8299,6903,0,72,0.03948717948717949,0,0,0,0.19060095368314925,0
3,23,23000,23000,0,60,0.0975,0,1,1,0.22691632855831323,1
4,40,18087,18087,0,60,0.0622478386167147,0,1,1,0.07920382165580728,1
0,27,10100,11696,0,72,0.0827027027027027,0,0,0,0.4876803678358654,0
1,31,19286,19286,0,36,0.08043478260869565,0,1,0,0.18334925750274092,0
3,27,9500,2695,1,24,0.08428571428571428,0,0,0,0.0506876128116728,1
1,34,12790,8621,0,72,0.07277777777777777,0,0,0,0.18532854971159404,0
0,22,10333,11181,0,60,0.08928571428571429,0,0,0,0.4377873362729399,1
2,24,20000,19510,0,96,0.1061987237921604,0,0,0,0.3256015339449833,1
44,60,13800,11808,0,72,0.07102040816326531,0,1,1,0.05298175157102573,0
4,62,4990,5447,0,60,0.06758620689655172,0,1,0,0.2184143151466744,0
2,49,19179,22929,0,96,0.1729032258064516,0,0,0,0.6143558345568861,0
5,48,18985,13985,0,60,0.03441176470588235,0,1,1,0.03491755223662693,0
16,77,5350,5350,0,36,0.1316666666666667,0,0,1,0.19710386151943823,0
37,58,4450,4711,0,96,0.02291666666666667,0,0,0,0.13373521554924855,0
5,29,4467,4817,0,48,0.09083333333333334,0,0,0,0.15582280479619626,0
18,36,14550,15828,0,60,0.07013888888888889,0,1,1,0.11283213800938986,1
19,38,5890,6400,0,60,0.06599552572706935,0,0,1,0.17365725741807325,0
7,66,9659,9758,0,12,0.1623931623931624,0,1,1,0.055952379320043336,1
34,51,9500,9325,0,48,0.03794117647058824,0,1,0,0.0988645056390485,0
7,29,5990,7196,0,96,0.03807339449541285,1,1,1,0.5346691013843015,0
3,39,21475,20327,0,72,0.1620253164556962,0,0,0,0.3939794133283461,0
8,69,8021,8021,0,36,0.0948,0,1,1,0.06460908582808499,0
5,66,29990,28494,0,84,0.1275862068965517,0,1,0,0.22709766802940612,0
9,73,20000,20411,0,24,0.1771428571428571,0,1,1,0.18373655996552507,0
1,28,14990,16254,0,60,0.1051494418437162,0,0,0,0.5082788587791571,0
2,45,9090,6665,0,24,0.1383863080684597,0,1,0,0.0930769739739553,0
8,39,5591,5199,0,48,0.02127272727272727,0,1,1,0.0859043266271851,0
10,72,8990,7490,0,48,0.1346153846153846,0,1,0,0.07903711141218933,1
0,32,4045,4468,0,36,0.07314285714285715,1,0,0,0.7808515997652741,0
1,42,18485,18585,0,96,0.1384615384615385,0,1,1,0.25252866058328927,0
4,62,34460,26960,0,72,0.09375,0,0,0,0.2851536371087223,0
11,75,18300,18300,0,84,0.1004166666666667,0,0,1,0.40106033713670514,1
7,45,8995,6995,0,48,0.06417112299465241,0,1,1,0.04933537656540902,0
7,32,19968,19968,0,60,0.1566933991363356,0,0,0,0.22725908854103374,1
5,24,19100,17990,0,48,0.22,0,0,1,0.09165251352150168,0
3,44,18500,18500,0,60,0.07668711656441718,0,1,1,0.13919730152632914,0
1,48,11440,10181,0,72,0.1158620689655172,0,0,0,0.32416282178432837,0
3,26,7650,9225,0,96,0.08592592592592592,0,0,0,0.4149011531905239,0
3,37,10575,9434,0,60,0.05314465408805032,0,1,0,0.18841510578772822,0
1,37,16810,18488,0,72,0.133125,0,0,0,0.6415212320274857,0
15,54,6590,4506,0,36,0.06842105263157895,0,1,1,0.059522370775822675,0
3,58,5628,4243,0,36,0.06731757451181912,0,0,0,0.13973038957772835,1
3,26,13430,10089,0,72,0.09675324675324676,0,0,0,0.14697600517000028,0
37,55,23622,25560,0,72,0.07685714285714286,0,1,1,0.08475186499289854,0
1,48,13000,10000,0,60,0.08600182982616651,0,1,1,0.08300592936023002,0
0,37,16500,18798,0,60,0.1259036144578313,0,0,0,0.6587259060394896,1
17,59,4300,2967,0,36,0.06357142857142857,0,1,0,0.08818668729855336,0
5,36,13259,13803,0,72,0.1194285714285714,0,0,1,0.31763531920652693,0
5,57,2500,2640,0,24,0.08712121212121213,0,1,1,0.07061046396174935,0
1,23,8990,10088,0,96,0.08193548387096775,0,0,0,0.4759791149943442,1
1,24,8069,3440,1,36,0.0825,0,0,0,0.12636622678200524,0
1,44,10840,5719,0,36,0.0933786078098472,0,1,1,0.043865036200736666,0
1,46,6409,7476,0,72,0.06047619047619048,0,0,0,0.4958839755072185,0
4,31,12537,13594,0,60,0.1876923076923077,0,0,0,0.4273501415584485,0
23,62,8480,8725,0,72,0.04380952380952381,0,1,0,0.11733688385161947,1
10,74,7990,4990,0,24,0.1825,0,1,1,0.05701391211753596,0
4,55,19950,21988,0,84,0.178125,0,1,0,0.3994764195915155,0
5,50,9900,9673,0,96,0.04847161572052402,0,0,1,0.2013449767411107,0
6,55,10680,7680,0,60,0.058,0,1,1,0.055637713938287536,0
7,47,14800,13649,0,60,0.1259515570934256,0,1,0,0.1575021637414567,0
11,44,14185,15583,0,72,0.1352813852813853,1,0,1,0.6900597853276086,1
3,29,24900,26833,0,48,0.4792,0,1,0,0.3837191374692947,0
12,71,5000,5205,0,48,0.0508695652173913,0,1,1,0.07309519337603783,0
1,18,17964,17797,0,60,0.1109090909090909,0,0,0,0.5954151895609918,1
32,57,5254,5547,0,24,0.14,0,1,1,0.05602806691373431,0
0,26,9900,9323,0,72,0.07487179487179488,0,0,0,0.36107149991932946,1
1,31,29990,29990,0,24,0.2257676098735701,0,0,0,0.6795681443107576,1
1,32,6598,1598,1,24,0.02478448275862069,0,1,0,0.1640626775638175,0
12,47,13500,9800,0,60,0.08190476190476191,0,1,1,0.05105308817203911,0
18,44,6300,6884,0,72,0.09454545454545454,0,1,0,0.1961000895195279,0
34,57,6700,3825,0,24,0.04941176470588235,0,1,1,0.04069105326449733,0
9,48,7990,7990,0,60,0.07424242424242425,0,1,1,0.11055067905773246,0
0,21,13590,14830,0,72,0.1308190925162051,0,0,0,0.5989148325623062,1
13,44,9000,4500,0,36,0.07277777777777777,0,0,0,0.061397189384263334,0
0,52,12129,11562,0,60,0.05033333333333333,0,1,0,0.16761583981895037,0
26,61,5000,5000,0,36,0.07085498346717052,1,1,0,0.2961915168903342,0
8,27,15899,14665,0,60,0.093,0,1,0,0.11484381799254656,0
10,70,11985,2134,1,12,0.122,0,0,0,0.05304693540326809,0
0,25,21495,21495,0,72,0.1368421052631579,0,0,0,0.4228516849829481,0
2,47,17975,16412,0,72,0.1693440428380187,0,1,1,0.12384597113860697,0
0,36,35000,29750,0,60,0.1261820330969267,0,1,1,0.423588985410444,0
7,29,4780,5126,0,48,0.04514285714285714,0,0,0,0.11135479992882143,0
3,20,6960,7729,0,60,0.1074074074074074,0,0,0,0.5280963573307111,1
2,34,15840,15950,0,60,0.09243243243243243,0,1,0,0.2547938759706716,0
11,41,13990,13534,0,96,0.1170058139534884,1,0,0,0.6608303658681838,0
2,33,23500,23500,0,48,0.1085487077534791,0,1,0,0.3069429321458738,0
26,56,8500,8891,0,36,0.1037811745776347,0,1,0,0.07872213459912888,0
3,67,12705,12828,0,60,0.1475,0,1,1,0.17446645625363397,0
15,53,8938,9711,0,60,0.089,0,1,1,0.11765802067943681,0
1,43,15890,15890,0,96,0.1266666666666667,1,0,0,0.6879966889406276,1
12,44,31000,25000,0,96,0.07826982492276004,0,1,1,0.06778822869869895,0
2,40,13980,15434,0,84,0.06375,0,1,0,0.2854217010656603,0
11,67,19190,19190,0,96,0.1676056338028169,0,1,0,0.1645382376497897,0
5,32,9830,6830,0,36,0.07730769230769231,0,1,0,0.07332435791026226,0
0,63,19615,22096,0,72,0.1417647058823529,0,1,1,0.21672471227694176,0
12,66,8900,7400,0,60,0.051875,0,0,0,0.1653181143950597,0
11,28,8910,3889,0,24,0.08206388206388206,0,0,0,0.04954911547996876,0
0,65,8999,6252,0,36,0.1415384615384615,0,0,0,0.1715419845768065,0
0,48,7900,8331,0,36,0.07142857142857142,0,1,1,0.1200405745087342,0
2,52,9290,3790,1,36,0.09416666666666666,0,1,1,0.03550851364330415,0
10,51,26999,19897,0,60,0.1358361774744027,0,0,1,0.1470136324744213,0
0,24,3600,3983,0,36,0.1008333333333333,0,0,0,0.30942948402959464,1
1,56,8190,6040,0,60,0.05285714285714286,0,0,0,0.18492108944073768,0
9,52,14410,17302,0,96,0.13125,0,1,1,0.18779752610089098,0
1,19,18990,20450,0,72,0.08064516129032258,0,0,0,0.40264437154233707,1
4,45,8990,9958,0,72,0.1017647058823529,0,0,0,0.3368831682867519,0
8,26,18200,15200,0,60,0.0795,0,0,0,0.06864952622636117,0
14,60,11385,11485,0,96,0.1,0,0,1,0.15751003055240015,0
16,37,7430,5430,0,60,0.08888888888888889,0,1,0,0.14833158333784938,0
0,22,8900,9826,0,84,0.65,0,0,0,0.4594451487304304,1
18,47,6220,3564,0,36,0.03311036789297659,0,0,1,0.0667912097994203,0
39,56,5985,6004,0,48,0.11,0,1,1,0.07306513713762877,0
7,32,5750,6248,0,60,0.0732484076433121,0,0,0,0.23321730241620764,0
26,55,18402,3500,1,36,0.06666666666666667,0,0,1,0.01972328790341274,0
2,25,13900,13900,0,48,0.1304166666666667,0,0,0,0.2324888058138304,0
1,38,8000,8710,0,60,0.09371428571428571,0,0,0,0.3919452472074955,1
5,41,6340,5470,0,48,0.05466666666666667,0,0,0,0.15477178363215824,1
2,40,23780,26125,0,96,0.1761111111111111,0,0,0,0.7009734052558876,1
10,46,34960,28179,0,48,0.1554639175257732,0,1,1,0.04286158738069442,0
9,39,10450,11636,0,72,0.0549630844954881,0,1,0,0.17227066868358268,1
4,54,15180,14180,1,48,0.08389261744966443,0,1,1,0.0810026131831484,0
42,59,16110,5854,1,36,0.05875,0,1,0,0.018862918438793938,0
3,60,25990,27927,0,60,0.1604878048780488,0,0,0,0.5169804347974778,1
26,46,15300,17384,0,60,0.07511111111111111,0,1,1,0.11976179600117712,0
36,61,7095,7330,0,24,0.13125,0,1,1,0.058771294862252375,0
6,70,7930,8885,0,36,0.081875,0,0,0,0.23741580105691573,0
1,27,14790,17249,0,72,0.09383033419023136,0,0,0,0.4454593613655438,0
4,62,24980,26146,0,60,0.2815384615384615,0,0,1,0.47729511812662434,1
15,41,4401,4401,0,36,0.052,0,1,0,0.07505229390867775,0
7,39,12100,6200,0,48,0.04018109790605546,0,1,1,0.031357479012065245,0
16,55,23250,25080,0,72,0.124390243902439,0,1,0,0.1783682627530196,0
3,41,9000,9920,0,60,0.1006711409395973,0,0,0,0.3132451308737951,1
1,29,2239,2239,0,15,0.05464285714285715,0,1,0,0.23195040133180828,0
20,47,6900,6464,0,72,0.03482758620689655,0,1,1,0.09597662725550482,0
15,49,26290,14590,0,24,0.0830188679245283,0,1,1,0.022625472362408132,0
1,25,10100,7700,0,60,0.06830206830206831,0,0,0,0.24468616357264159,0
36,58,17165,6855,1,24,0.2121428571428571,0,0,1,0.03215942608997493,0
0,25,11550,12537,0,60,0.114,0,0,0,0.40379231829673773,0
21,57,5490,5607,0,60,0.072,0,0,1,0.16339359776525372,1
4,67,8575,7662,0,72,0.1618421052631579,0,1,1,0.10196755520951713,0
10,66,30970,19970,0,48,0.105,0,1,1,0.047793560572342984,0
3,60,13680,13612,0,96,0.1312977099236641,0,1,1,0.15009667552351377,0
0,27,3546,3809,0,36,0.1018181818181818,1,1,0,0.7515206672705097,1
9,36,19683,22848,0,72,0.08437892095357591,0,1,0,0.2015272801460588,0
0,30,20950,22352,0,48,0.1577777777777778,0,1,0,0.4741104688038165,0
1,55,8010,5113,0,36,0.1275,0,1,1,0.06189197205412784,0
5,62,5200,5624,0,36,0.09277777777777778,0,1,1,0.07830414441251264,0
2,26,14950,14950,0,72,0.1025,1,1,1,0.6072954035205855,1
1,23,14269,15704,0,60,0.1052941176470588,0,0,0,0.5418474310749991,1
23,40,13970,13970,0,96,0.05414012738853503,0,1,0,0.11708654034749333,0
4,34,10360,9990,0,48,0.1841666666666667,0,0,0,0.21785603928527295,0
2,62,28930,26930,0,60,0.2153846153846154,0,0,1,0.4010302740192499,1
1,30,9590,9590,0,72,0.0725,0,0,0,0.36991351842573095,1
14,39,17090,17990,0,72,0.119047619047619,0,0,0,0.31947271775313696,0
1,35,13730,15520,0,60,0.08833333333333333,0,0,0,0.4392842066680243,1
20,36,24990,24990,0,60,0.09767441860465116,0,1,1,0.08363479940412935,0
27,49,16500,11500,0,36,0.1223826714801444,0,1,1,0.031226154944392813,0
1,64,22610,18874,0,48,0.17,0,0,1,0.17762646871849405,1
0,49,28975,28975,0,96,0.1955608878224355,0,0,1,0.7651097866368743,0
6,40,6999,7989,0,60,0.08161764705882353,0,0,0,0.2695846979089113,0
22,43,23900,27815,0,72,0.1158497772119669,0,1,1,0.11117952562416772,0
2,29,15730,14620,0,48,0.0911300121506683,0,1,1,0.08160568489062583,0
0,52,10980,10980,0,72,0.1127272727272727,0,1,0,0.284049135876708,1
1,65,19690,9820,1,60,0.03151548369416279,0,1,1,0.030124183086127635,0
3,20,8450,8874,0,72,0.1203463203463203,0,0,1,0.34304153245869506,1
15,57,8900,5493,0,36,0.08679245283018867,0,1,0,0.055769107027198485,0
25,42,15980,15980,0,48,0.1252204585537919,0,0,0,0.11298833971273654,0
0,53,7800,7865,0,60,0.07418546365914787,0,0,0,0.39129509044776933,0
31,47,11400,5400,0,48,0.03615384615384615,0,1,1,0.03558332600070886,0
0,63,19000,13000,0,48,0.1496598639455782,0,1,1,0.04299107344149218,0
8,49,17600,3858,1,36,0.03254437869822485,0,1,1,0.014375680585881128,0
11,38,15340,11340,0,36,0.1594543744120414,0,0,0,0.0733815707509039,0
3,27,12890,17259,0,60,0.1593333333333333,0,0,0,0.3992818772221467,0
19,51,18990,19027,0,84,0.1180124223602484,0,1,1,0.08828908526875413,0
16,80,22450,15450,0,36,0.1558620689655172,0,1,1,0.08098890771177594,0
10,32,8415,9429,0,48,0.1205555555555556,0,0,1,0.18565515761349782,1
2,51,3640,3952,0,24,0.0961111111111111,0,1,1,0.07266435618594956,0
1,27,15990,13490,0,60,0.1232258064516129,0,0,0,0.26861607034442864,0
14,32,21657,18766,0,72,0.04714285714285715,0,1,1,0.05311188805617757,0
33,57,5682,6365,0,60,0.05879396984924623,0,0,0,0.2053417427816633,0
2,27,10500,8728,0,60,0.09333333333333334,0,0,0,0.21643408015263618,0
0,32,4500,4500,0,24,0.1293333333333333,0,0,0,0.21805235135696976,0
28,49,28000,18000,0,60,0.05,0,1,1,0.030615736146240326,0
15,49,15000,10000,0,48,0.04573170731707317,0,1,1,0.027770795505044257,0
2,42,13870,15366,0,84,0.130625,0,0,0,0.497743563185113,0
3,41,21990,20279,0,72,0.06903225806451613,0,0,0,0.2117725606887434,0
2,20,10880,12638,0,72,0.1385714285714286,0,0,0,0.6602795773574531,0
37,57,15790,14590,0,72,0.0704,1,1,1,0.1379512040199825,1
13,67,7900,9847,0,72,0.1717391304347826,0,1,0,0.3004119648917766,1
11,57,15800,10800,0,72,0.0692,0,1,1,0.04278840955990243,0
19,51,11670,7270,0,36,0.09727272727272727,0,0,0,0.06386694767930787,0
3,55,12390,4390,1,36,0.07705882352941176,0,0,0,0.0446257417955235,0
19,58,6437,6635,0,36,0.07127272727272728,0,1,0,0.1041288915466496,0
4,56,13500,7327,1,36,0.18,0,0,1,0.0440302507375772,0
23,41,10990,10990,0,72,0.04613095238095238,0,1,0,0.11768157230774046,0
0,25,8000,8938,0,96,0.07785714285714286,0,0,0,0.5554109751712788,1
10,35,5281,5281,0,48,0.07677419354838709,0,0,0,0.1518979854936302,0
36,61,15947,15947,0,36,0.07733333333333334,0,1,1,0.05359326348808014,0
4,38,6990,4990,0,48,0.06222222222222222,0,0,0,0.15654540251561766,0
27,70,6850,6621,0,60,0.07094972067039106,0,0,0,0.3001899853208289,1
2,39,13701,14958,0,72,0.08525576730190572,0,1,0,0.32747773803467295,1
11,47,26797,26797,0,18,0.03804380438043804,0,1,0,0.0805421241651319,1
25,46,13500,15118,0,96,0.0885,0,0,0,0.25242098667227886,0
39,62,15995,10995,0,60,0.06274509803921569,0,1,1,0.03114311605675359,0
3,61,9710,9220,0,48,0.0625,0,1,0,0.15045324969460122,0
1,23,13000,11248,0,48,0.16,0,0,0,0.23436660952534635,0
0,60,13990,15355,0,60,0.2336,0,1,0,0.3975144917481191,0
0,43,10420,10334,0,60,0.2048611111111111,0,0,0,0.351902022237732,0
38,57,11110,9110,0,60,0.03979933110367893,0,1,1,0.06332877614301731,0
4,40,8440,5364,0,36,0.07449856733524356,0,1,1,0.048815138206252856,0
0,48,22262,22469,0,60,0.2729032258064516,0,1,0,0.6090122434422897,0
0,23,10990,11941,0,60,0.1825,0,0,0,0.5528732171730967,1
2,56,22129,17629,0,96,0.09545454545454546,0,1,1,0.0737273975533414,0
5,27,17877,19822,0,72,0.1518494484101233,0,0,0,0.49864098575381305,1
33,55,6990,7658,0,72,0.075,0,1,0,0.19057388991665664,0
13,46,15635,9035,0,48,0.06181818181818182,0,0,0,0.04525094464750907,0
2,40,13980,4286,1,48,0.03968253968253968,0,1,1,0.02330639176940439,0
4,31,13000,14793,0,60,0.18,0,0,0,0.44776680200220786,0
5,32,8450,8184,0,72,0.07197802197802197,0,0,0,0.22707551136302123,1
18,57,20990,15923,0,60,0.093,0,0,1,0.06355059181608398,0
1,34,4900,5424,0,36,0.05939123979213066,0,1,0,0.22098172302992958,0
11,43,4524,4524,0,48,0.034,0,1,0,0.08461727728173854,0
6,28,20400,18900,0,60,0.1094444444444444,0,0,0,0.13434767201439174,0
0,24,6950,7080,0,60,0.05598243688254665,0,1,0,0.5556996995894694,1
5,56,15695,16911,0,36,0.1566343042071197,0,1,1,0.1120605445628684,0
2,20,27500,27000,0,72,0.1798701298701299,0,0,0,0.5845128925298276,1
4,42,23070,17703,0,72,0.0874938210578349,0,0,1,0.10426856577599904,0
36,60,10379,8984,0,48,0.07629629629629629,0,1,1,0.059875902631502886,0
9,35,9300,10084,0,60,0.0670122176971492,0,1,0,0.16997380181616933,0
3,68,16990,4058,1,36,0.03478260869565217,0,0,0,0.03684632836028716,0
1,52,10990,11917,0,60,0.05095238095238095,0,0,1,0.18625166830652573,0
6,44,12300,6984,0,84,0.04318181818181818,0,1,0,0.07877503429053316,0
0,20,11313,8490,0,48,0.1533018867924528,0,0,0,0.28708090229020683,0
1,20,15334,15334,0,60,0.1236220472440945,0,0,0,0.6738523563034732,0
7,72,9400,3593,1,24,0.11,0,1,0,0.04012354077399027,0
4,66,10940,5158,1,48,0.06823529411764706,0,0,0,0.09040763814372897,1
0,46,15439,3939,1,12,0.159047619047619,0,0,0,0.03446822460299386,0
16,79,12950,7972,0,60,0.125,0,1,1,0.06544051747251198,0
10,34,11825,8311,0,48,0.1246666666666667,0,0,1,0.06392080194687735,0
0,25,16890,16153,0,60,0.1716666666666667,0,0,0,0.3369019621940333,0
2,39,7862,7862,0,30,0.1295238095238095,1,1,1,0.5913485619606851,1
1,32,6000,6000,0,48,0.054,0,1,1,0.12285699842726402,0
14,79,4552,4680,0,36,0.069,1,0,0,0.6222515812835215,0
0,39,21490,19290,0,60,0.1156498673740053,0,0,0,0.3269754348842715,0
15,77,9259,3259,1,24,0.1391050583657588,0,1,0,0.044250540052104936,0
0,26,14790,9437,0,48,0.1747826086956522,0,0,0,0.1550872548793826,1
27,51,6040,6693,0,60,0.05470588235294117,0,0,0,0.21362155385788686,0
22,46,23390,11869,1,36,0.1944444444444444,0,1,0,0.031201659280616387,0
30,51,15901,15990,0,72,0.09025641025641026,0,1,1,0.09634150243640488,0
1,25,12900,12400,0,36,0.2,0,0,0,0.21186401382332684,1
5,57,10850,7537,0,48,0.05,1,1,0,0.1784360123793181,1
5,36,8154,8622,0,36,0.05076628352490421,0,1,0,0.09264103840466582,0
8,50,6194,6680,0,48,0.05243055555555556,0,0,1,0.10003689950172225,0
12,43,15500,17684,0,60,0.08249581239530988,0,1,0,0.1717784248597585,0
8,43,6850,5351,0,60,0.05771495877502945,0,0,1,0.13958553632366205,0
28,45,22730,23480,0,60,0.1304761904761905,0,1,1,0.08411161246764097,0
13,36,12639,12639,0,60,0.06157112526539278,0,0,1,0.10269339900655187,0
3,25,11290,12337,0,60,0.1376811594202899,0,0,0,0.3183639097478224,1
1,28,15200,11785,0,48,0.1538461538461539,0,0,0,0.19726059803508045,0
7,36,18500,2500,1,24,0.03540414161656646,0,1,0,0.014050535312823327,0
8,46,13850,13850,0,96,0.1096969696969697,0,0,1,0.22059350476559295,1
1,21,4900,4900,0,48,0.1196581196581197,0,0,0,0.41724782611306355,0
0,25,16750,18434,0,72,0.1170588235294118,0,0,0,0.5993460460880419,0
12,76,6711,7149,0,84,0.07829457364341086,1,1,0,0.5054372248239819,1
1,35,9500,8800,0,72,0.09642857142857143,0,0,0,0.2788785722620747,0
5,44,22229,24339,0,72,0.1259259259259259,0,0,0,0.3809066171433124,0
6,51,10205,10205,0,36,0.2006666666666667,0,1,1,0.05497158243035115,0
16,56,10418,10418,0,60,0.0955,0,0,0,0.20002683643542132,0
5,44,5489,5964,0,60,0.0650887573964497,0,0,0,0.2779428881452285,0
1,19,21950,21950,0,60,0.17375,0,0,0,0.7671382960669172,1
22,55,3990,1640,0,12,0.04495472186287193,0,1,1,0.0347313552080757,0
0,36,14990,14580,0,72,0.1146112600536193,0,0,0,0.4811663274157619,0
19,46,23950,11600,1,48,0.06912928759894459,0,1,1,0.017871079404832197,0
29,52,10744,10744,0,48,0.08888888888888889,1,1,0,0.27340819606831784,0
0,54,11890,12992,0,72,0.1377622377622378,0,0,0,0.5479878940295633,0
22,50,10450,6570,0,24,0.01851851851851852,0,1,1,0.056062837227548075,0
5,64,5199,5875,0,72,0.07692307692307693,0,1,0,0.269565660847105,1
2,26,20100,16100,0,48,0.07366849178695868,0,1,0,0.0737991102457774,0
30,47,8469,9202,0,60,0.07379912663755459,0,1,1,0.18714564546596862,0
0,51,22490,18990,0,60,0.2727272727272727,0,1,1,0.14607663973779278,0
11,28,9970,4563,0,36,0.084375,0,0,0,0.056094972676913,0
26,56,9000,9739,0,96,0.059,0,0,0,0.21102599728910704,0
8,39,12510,13200,0,60,0.08352941176470588,1,0,0,0.6303775231713689,0
1,37,14700,7118,1,24,0.1275,0,1,1,0.03315940219047463,0
4,59,11420,11420,0,54,0.07055555555555555,0,1,1,0.07976620793358438,0
0,23,15990,15579,0,60,0.066,0,0,0,0.2508412895017135,1
18,46,29490,25813,0,36,0.07380952380952381,0,1,1,0.0387246012651597,0
12,58,19199,20327,0,96,0.1904,0,1,1,0.13334977528233447,0
1,56,10639,11396,0,60,0.1252525252525253,0,1,1,0.13026440650329066,0
1,23,19990,19990,0,72,0.1864285714285714,0,0,0,0.5057270948286018,1
20,80,6862,6862,0,48,0.09426987060998152,0,0,0,0.4641829411825614,0
19,55,20590,16071,0,84,0.09391304347826086,0,0,0,0.0889623983049415,1
1,39,11950,12100,0,84,0.1094594594594595,0,0,0,0.3553779365968446,0
1,20,16790,18821,0,60,0.2041666666666667,0,0,0,0.7706207913986264,1
8,50,13485,10385,0,48,0.06375838926174497,0,1,1,0.029635644486628712,0
0,27,14890,14890,0,60,0.1076614922383575,0,0,0,0.4390223341338,0
15,38,20790,24038,0,96,0.1130108423686405,0,1,0,0.1909050633672537,0
19,46,22702,16951,0,48,0.04622933884297521,0,1,1,0.02509239918063914,0
1,31,15000,14000,0,60,0.1222222222222222,0,0,0,0.42189447419868326,0
5,49,11999,11999,0,60,0.1207650273224044,0,1,1,0.09092437716274916,0
2,30,4704,4704,0,36,0.08062645011600927,0,0,0,0.16183140830194537,0
9,71,22830,12330,0,36,0.06666666666666667,0,1,0,0.026917978764826857,0
2,54,4888,4888,0,60,0.08455882352941177,0,1,1,0.12614654908797923,0
4,39,16700,12674,0,84,0.05758620689655172,0,1,0,0.07730314491560379,0
4,39,10400,11432,0,72,0.08,0,1,0,0.20378370363018616,1
2,27,26228,21368,0,72,0.09619047619047619,0,0,0,0.26933756071310205,0
23,51,10980,6412,0,36,0.09024390243902439,0,1,1,0.03774153604802103,0
25,49,14623,14623,0,48,0.1736842105263158,0,0,1,0.13247054656509208,0
2,35,30070,27441,0,72,0.1910344827586207,0,0,1,0.2969018620182714,1
0,40,13000,3000,1,12,0.2318181818181818,0,1,0,0.04900952217182702,0
0,19,19900,21650,0,60,0.177429876060013,0,0,0,0.635606700572015,1
9,63,11508,11508,0,96,0.0821529745042493,0,1,1,0.133650238314984,1
3,37,20922,24245,0,72,0.08362884160756501,0,1,1,0.14538013929945667,0
0,30,9589,9202,0,60,0.07558945908460471,0,0,0,0.36912610269218815,0
8,56,3490,3490,0,36,0.0416,0,1,0,0.07765215247127161,0
18,56,7449,7449,0,36,0.07433333333333333,0,1,1,0.07122217849012787,0
15,48,10000,11271,0,96,0.1225,1,1,0,0.5058435904967739,0
2,58,19680,12825,0,60,0.09876543209876543,0,1,1,0.048268639309539396,0
30,54,4598,4598,0,36,0.04035608308605342,0,1,1,0.05209869107215992,0
5,22,14000,4000,1,36,0.07597402597402597,0,0,0,0.0366882757128903,0
11,50,20780,19409,0,48,0.05504866180048662,0,1,0,0.054849253562891415,0
10,59,6795,7154,0,48,0.0632,0,1,0,0.11965716701545998,0
36,52,4322,4696,0,60,0.02866666666666667,0,1,1,0.0877188127760709,0
23,46,6968,7503,0,48,0.09222222222222222,0,1,0,0.1662320488557947,0
24,53,25530,16420,1,24,0.07142857142857142,0,0,0,0.03532317020269263,0
26,47,7690,8660,0,48,0.1140449438202247,0,1,0,0.14816397997590955,0
4,46,9000,8200,0,60,0.1372727272727273,0,1,0,0.14591575983834215,1
23,88,4000,4000,0,12,0.1133333333333333,0,0,1,0.28264168038168774,0
11,45,27500,5312,1,24,0.111219512195122,0,1,1,0.00873349585451523,0
3,31,16900,16394,0,72,0.1727272727272727,0,1,0,0.2108758293478555,0
0,18,10990,11955,0,60,0.1390909090909091,0,0,0,0.7564835135888887,1
20,53,13785,13785,0,48,0.1435,0,1,1,0.06624262146920755,0
1,24,11400,8400,0,60,0.0812807881773399,0,0,0,0.24025050781802734,0
10,49,9950,9950,0,84,0.06422018348623854,0,1,1,0.1048976970174201,0
4,28,6560,7140,0,48,0.06666666666666667,0,0,0,0.22579821474494363,0
3,31,11149,9078,0,96,0.06162162162162162,0,0,1,0.1766167487391258,1
0,24,10548,12423,0,72,0.1492307692307692,0,0,0,0.5845182600927341,0
9,31,20880,22418,0,48,0.1726315789473684,0,0,0,0.21149955056858893,1
1,56,7950,6950,0,72,0.0967741935483871,1,0,0,0.6138733035877298,1
4,27,8990,9621,0,48,0.09375,0,0,0,0.19099712152691545,1
8,67,10100,10501,0,48,0.131739855475264,0,0,0,0.20501911142489798,0
2,28,7200,7200,0,36,0.1065778517901749,0,0,0,0.2020393134767246,0
22,54,11591,12649,0,96,0.07789473684210527,0,0,0,0.1946430203564675,0
13,49,4700,3700,0,24,0.1125,0,0,0,0.09663274570725108,0
0,42,7200,8025,0,72,0.1389473684210526,0,0,0,0.5927475323687028,1
16,38,14900,14900,0,48,0.07239130434782609,0,1,1,0.06863641966056616,0
4,59,28180,19458,0,60,0.1938888888888889,0,0,1,0.19813609278662705,0
34,51,9460,2009,1,12,0.06305970149253731,0,1,1,0.041186385408762294,0
1,34,17809,16810,0,48,0.06419354838709677,0,0,0,0.1739294156071417,0
5,44,6500,7231,0,96,0.03640256959314775,0,1,0,0.2503558831437961,0
0,29,10980,13133,0,84,0.09685598377281947,0,0,0,0.5521972380266172,1
2,36,8500,9197,0,60,0.05251141552511415,0,1,0,0.44805235359791135,0
3,34,11400,11199,0,48,0.1040268456375839,0,1,0,0.11930652467348384,0
30,57,6900,3050,1,24,0.08933333333333333,0,0,0,0.06735162246422913,0
21,77,7600,8026,0,72,0.09615384615384616,0,0,0,0.4037040646716893,1
11,76,4405,2997,0,36,0.06769230769230769,0,1,1,0.07394220918371482,0
4,64,35200,25200,0,24,0.2058823529411765,0,1,1,0.13418626997556418,0
14,55,7000,5000,0,60,0.03357142857142857,0,0,1,0.11044411529014991,0
4,57,15655,19299,0,72,0.1784511784511784,0,0,0,0.577674671178153,0
1,18,21990,23346,0,72,0.1282758620689655,0,0,0,0.7334055463707172,1
14,61,14900,12900,0,60,0.07090909090909091,0,1,1,0.07708402779540113,0
4,68,6600,8186,0,72,0.09169054441260745,0,1,0,0.40865957355694993,1
10,46,6800,2050,1,12,0.1338461538461538,0,0,0,0.05936204121489526,0
10,51,9767,9767,0,48,0.1453333333333333,0,0,0,0.1431369171150151,0
1,23,12990,12623,0,72,0.15859375,0,0,0,0.3898186249305319,1
2,25,8990,9748,0,60,0.1346153846153846,0,0,0,0.38457139226685244,0
2,63,34700,24700,0,36,0.1875,0,1,1,0.12212213551670989,0
31,59,16400,11923,0,48,0.08245445829338446,0,1,0,0.04727570374460741,0
0,26,10950,11226,0,96,0.08685714285714285,0,0,0,0.3866501421611731,0
2,56,13200,9122,0,72,0.1272727272727273,0,1,0,0.1690725026974206,0
10,74,13990,14140,0,84,0.1530769230769231,0,1,1,0.20434137788377546,0
10,31,21593,11571,1,48,0.1488235294117647,0,0,1,0.04041884293156876,0
2,52,16700,16700,0,96,0.0640378548895899,0,1,1,0.11799495892581714,0
9,37,10890,9178,0,48,0.03496260219168551,0,1,0,0.0802425746009647,0
8,45,8104,8104,0,60,0.03814218993253762,0,0,0,0.13683499704497537,0
5,36,6900,7831,0,60,0.06409090909090909,0,1,0,0.3059593745636464,0
28,46,17100,14300,0,48,0.04892857142857143,0,1,1,0.027531392716698317,0
3,64,15115,8527,1,60,0.1776470588235294,0,1,1,0.048903298350880885,0
31,48,5890,3890,0,60,0.03173913043478261,0,0,1,0.10665089571215254,0
2,64,25800,21391,0,36,0.09272727272727273,0,0,0,0.18119727645522865,0
17,63,21380,21380,0,60,0.148,0,0,1,0.18431529565583055,0
1,30,8490,7490,0,12,0.3319371727748691,0,0,0,0.11126493684468106,1
5,29,5500,5500,0,36,0.108,1,0,0,0.4606093931888547,0
4,59,16950,15816,0,60,0.1388888888888889,0,0,0,0.2764345065301838,0
3,46,13499,12137,0,48,0.1957142857142857,0,1,0,0.08427376339217851,0
26,51,17000,19275,0,60,0.1568807339449541,0,0,1,0.3177449438977203,0
7,28,11990,14322,0,60,0.1458333333333333,0,1,0,0.19832170734221824,0
3,23,15317,11437,0,84,0.09470588235294118,0,0,0,0.16480836291612225,1
29,54,4264,4535,0,24,0.06633333333333333,0,1,1,0.049311133176469735,0
1,21,10800,11639,0,48,0.1857142857142857,0,0,0,0.5171181966714566,1
1,29,30968,29107,0,72,0.2051612903225807,0,0,0,0.7346001639538803,1
0,36,15990,18984,0,84,0.1330494944119212,0,0,0,0.6564343480857098,1
15,57,26790,15790,0,48,0.098,0,1,1,0.02703998449342755,0
44,61,3490,2617,0,36,0.038,0,1,1,0.05598161099647664,0
24,53,22300,23627,0,36,0.1293333333333333,1,0,1,0.47883128674532033,0
19,48,13500,13730,0,60,0.08095238095238096,0,1,0,0.14344258901370255,0
11,76,10500,10500,0,36,0.1354545454545455,0,0,0,0.24345503437675975,0
2,44,4990,4052,0,60,0.04074074074074074,0,0,1,0.14752219142358436,0
6,33,13659,14449,1,72,0.08611111111111111,0,1,0,0.16866553284706282,1
4,62,9300,6869,0,60,0.1038297872340426,0,0,0,0.19834570248748107,0
4,68,4342,3342,0,24,0.1959459459459459,0,0,0,0.1413352874722899,0
18,51,13049,13853,0,72,0.05894886363636364,0,1,0,0.1561647039853282,0
9,57,15000,10728,0,60,0.07160647571606475,0,1,1,0.04269744265414296,0
23,58,8870,9000,0,60,0.0872093023255814,0,1,1,0.12048841502308585,0
17,74,24990,16990,0,48,0.06836363636363636,0,1,1,0.06968617097456539,0
5,33,13000,8615,0,48,0.1,0,0,0,0.08154523267994228,0
15,42,4529,4864,0,36,0.09225806451612903,0,0,1,0.09559714415310763,0
15,49,4490,4879,0,60,0.05507955936352509,0,1,1,0.09368156312903748,0
6,35,17700,17700,0,60,0.06461538461538462,0,1,0,0.10673759027694267,0
11,45,9990,7698,0,72,0.05234899328859061,0,0,0,0.12331666446921266,0
20,40,26000,11000,1,36,0.162,0,1,0,0.02278422616119716,0
5,36,24783,27112,0,72,0.2568965517241379,0,1,0,0.5226987556353861,0
3,26,24962,24962,0,60,0.1621621621621622,0,0,0,0.47881351025880725,1
19,49,11062,11062,0,60,0.126875,0,0,1,0.14757930797489968,0
0,63,17150,3150,1,24,0.08375,0,1,0,0.027952126872177855,0
0,37,9945,9945,0,60,0.1438461538461538,0,0,0,0.4327379231022402,1
1,30,15100,16384,0,60,0.0885036496350365,0,1,0,0.39556668190888433,0
7,51,10689,4153,1,24,0.1271428571428571,0,0,1,0.039922234452755785,0
11,52,12838,10953,0,60,0.08195876288659794,0,1,1,0.06670370854988814,0
1,24,7900,8969,0,60,0.1025,0,0,0,0.5599946805963468,1
14,49,16500,14821,0,60,0.069,0,1,1,0.05400637476228498,0
24,51,4100,3500,0,48,0.04444444444444445,0,1,1,0.056221170251799436,0
1,27,10950,6465,0,60,0.07,0,0,0,0.2155275754849101,0
8,50,11990,4398,1,36,0.1163636363636364,0,0,0,0.04715222276016188,0
6,53,6298,6782,0,48,0.1,0,0,0,0.15957572699296044,0
17,47,8300,8300,0,72,0.065,0,1,1,0.08811987315274845,0
15,60,5865,5865,0,36,0.1048484848484848,0,0,1,0.1014781734875763,0
9,77,19990,19990,0,72,0.1114808652246256,0,1,0,0.25651210042487205,1
0,20,11365,12225,0,60,0.1416666666666667,0,0,0,0.5914973510621591,1
0,37,6890,2890,1,24,0.08,0,0,0,0.1535851409268607,0
24,62,9000,4462,1,24,0.09426627793974733,0,1,1,0.027188540493224354,0
1,21,15000,14428,0,84,0.1176470588235294,0,0,0,0.5792550039847534,0
18,77,7299,7299,0,24,0.1268,0,1,1,0.06462908154991129,1
4,40,17400,10200,0,36,0.08447937131630648,0,1,1,0.04081934137843218,0
5,50,6200,6200,0,72,0.060625,0,1,1,0.1381973224978146,0
16,33,13490,14111,0,96,0.07953488372093023,0,0,0,0.17893530238379338,0
15,58,15550,16469,0,60,0.109,0,1,0,0.1557918690463702,0
9,38,8950,7939,0,48,0.05405405405405406,0,0,0,0.08403296331294734,0
21,47,6412,6894,0,48,0.06797445255474452,0,1,1,0.0948900795956826,0
7,52,11500,7595,0,60,0.0420954162768943,0,1,1,0.050482943411123145,0
12,40,8990,9828,0,48,0.04874878128046799,0,1,1,0.09478193095727079,1
16,41,16300,13800,0,60,0.0782608695652174,0,1,1,0.04562306390141925,0
11,75,12020,1510,1,12,0.084,0,1,1,0.019924383867064466,0
1,54,15990,18408,0,60,0.1546666666666667,0,1,1,0.1746341783947464,0
27,58,7067,7067,0,72,0.06277777777777778,0,1,1,0.1066604843733151,0
5,47,8990,8869,0,60,0.02815376285868977,0,1,0,0.18534597679102227,0
3,41,7890,8958,0,60,0.096,0,1,0,0.3991366527187294,0
0,57,7300,7572,0,72,0.07866666666666666,0,1,0,0.3484244611627505,1
7,43,11990,13186,0,72,0.0608,0,0,0,0.20768604932949725,0
4,50,17460,18490,1,60,0.12125,0,1,1,0.3415477715089376,0
2,35,5990,5030,0,60,0.04623115577889447,0,0,0,0.2758334199678579,0
0,25,10990,10100,0,48,0.1008,0,0,0,0.2713425399513634,0
3,22,9078,9909,0,60,0.09076923076923077,0,0,1,0.25226132334144336,0
1,36,23490,25708,0,72,0.05888888888888889,0,1,0,0.44040244511357124,0
30,56,12700,2792,1,24,0.0661111111111111,0,0,0,0.03400221468042732,0
17,51,11576,11576,0,36,0.1705,0,1,1,0.06963006487035482,0
1,48,11990,3990,1,60,0.05357142857142857,0,0,0,0.09867967294203364,1
4,29,22750,14742,0,36,0.146551724137931,0,0,0,0.07446748586297189,0
3,35,17845,14470,0,60,0.1444444444444444,0,0,0,0.2004904627281756,0
5,30,12750,7005,1,60,0.05478260869565217,0,0,0,0.11265773667918604,0
1,30,13070,13423,0,60,0.1648648648648649,0,1,0,0.4318429121107859,0
4,57,9000,9000,0,48,0.09666666666666666,0,1,1,0.10189116215916234,0
31,53,19480,18965,0,60,0.1004347826086956,0,0,0,0.12459913079108685,0
2,51,6500,2500,1,12,0.1528571428571429,0,0,0,0.09090246769029231,0
12,57,5364,5864,0,48,0.066,0,1,0,0.11480472859096955,0
17,50,4812,5173,0,36,0.0775,0,0,0,0.12636315112872087,0
17,49,5890,7217,0,96,0.044,0,1,0,0.16271083090667565,0
4,36,17140,15940,0,48,0.1238683127572016,0,1,1,0.0781437632103201,0
12,79,8441,8441,0,48,0.06,0,1,1,0.11886512930535253,0
2,20,5990,5990,0,48,0.09120951751487112,0,0,0,0.2620849135698399,1
0,43,11990,11990,0,60,0.1013824884792627,0,1,0,0.2238219915744886,0
23,50,22670,22670,0,60,0.1828571428571429,0,0,1,0.1984114419847514,0
32,51,4200,4200,0,24,0.05210420841683366,0,1,1,0.04643323704990228,0
0,29,16600,6600,1,24,0.08515151515151514,0,1,0,0.048022359355367354,0
0,43,12600,14708,0,72,0.1441666666666667,0,0,0,0.5354079823223765,1
2,21,27000,29425,0,60,0.15,0,0,1,0.8143910528543035,1
6,49,5900,6499,0,72,0.06857142857142857,0,0,0,0.24170149105689165,0
7,24,23850,22850,0,96,0.1556756756756757,0,0,0,0.2847449397539474,0
3,27,11200,11200,0,48,0.1006666666666667,0,0,0,0.13173593261875258,1
5,41,12968,12968,0,48,0.1389277389277389,0,1,0,0.20667218581647534,0
21,54,12628,14237,0,96,0.0865,0,1,1,0.15511355041010869,0
13,60,8990,10542,0,72,0.1008620689655172,0,0,0,0.2576648160275236,0
20,42,7900,7012,0,72,0.07785714285714286,0,1,0,0.14435790694058026,0
4,54,15600,14600,0,96,0.191,0,1,0,0.19601243685374564,0
3,66,17900,19003,0,72,0.1333333333333333,0,1,1,0.28107476917777674,0
5,40,20849,20849,0,60,0.07176470588235294,0,0,0,0.1911427988971225,0
10,37,19490,21202,0,60,0.08432229856339787,0,1,1,0.09018476427656132,0
0,28,9950,9550,0,72,0.08764705882352941,0,1,0,0.3440188064549348,1
15,39,11490,11629,0,84,0.1053307642903019,0,0,0,0.266243737877444,1
2,47,14000,13200,0,60,0.243,0,0,0,0.42453998377335844,0
5,27,23999,23999,0,60,0.1722222222222222,0,0,0,0.40730294345669643,1
14,72,9540,7654,0,72,0.06,0,0,0,0.2481487224234365,0
24,49,25480,25480,0,60,0.1004709576138148,0,1,1,0.06681328885759016,0
13,53,16760,17924,0,48,0.35,0,1,1,0.13821977297690996,1
30,55,8900,9573,0,36,0.03064876957494407,1,1,1,0.291870893587153,0
30,52,6900,5569,0,48,0.0392156862745098,0,1,1,0.05734256477666084,0
12,73,12688,12688,0,60,0.1464285714285714,0,1,1,0.10170127775509256,0
6,47,5359,5359,0,24,0.0666857469948483,0,1,1,0.05640925394501859,0
8,68,3870,3579,0,60,0.05945945945945946,0,0,1,0.18669252710582535,0
2,54,16390,17914,0,60,0.1862068965517241,0,0,0,0.37786719559527615,1
4,30,9970,11025,0,36,0.1111111111111111,0,1,0,0.13207457601774739,1
7,59,16990,17949,0,96,0.09181818181818181,1,1,0,0.554749226888715,0
4,47,6268,7037,0,48,0.07589498806682578,0,0,0,0.2459209260587235,1
21,77,5800,5800,0,60,0.03758620689655173,0,0,1,0.23713203974092156,0
10,74,8999,6599,0,36,0.03396551724137931,0,1,1,0.04746130456500027,0
1,32,25030,28437,0,60,0.1520618556701031,0,0,1,0.7201445117851598,0
6,25,8500,8500,0,84,0.082,0,0,0,0.16583564064000755,1
11,61,11900,7400,1,60,0.07692307692307693,0,1,1,0.05519352226477536,0
35,54,11000,11718,0,36,0.1595454545454545,0,0,0,0.13283071648922268,0
4,21,14950,17447,0,72,0.1555555555555556,0,0,0,0.5364095346760468,0
10,52,715,715,0,8,0.0455,0,1,1,0.19167271063967892,0
4,29,15980,13608,0,48,0.1584210526315789,0,0,0,0.1109161451344232,0
15,71,19400,20397,0,60,0.2038461538461538,0,1,1,0.18521621092502588,0
6,45,15490,12484,0,60,0.1192708333333333,0,1,0,0.08550730751838931,0
6,36,19400,22603,0,72,0.1456844420010995,0,0,0,0.3433714922718591,1
3,31,19585,19243,0,60,0.06097560975609756,0,1,0,0.12322999951641264,0
0,50,3990,4454,0,48,0.06515957446808511,0,1,0,0.231552527217995,0
1,55,18100,6100,1,24,0.0508,0,1,1,0.01287291273898763,0
2,25,6990,5790,0,48,0.05248618784530387,0,1,0,0.1787974844268515,0
25,45,4300,4564,0,36,0.04624277456647399,0,0,0,0.09319287783890177,1
23,51,24900,26983,0,60,0.1395238095238095,1,1,0,0.7015686171608809,1
7,28,6701,4701,0,24,0.1457142857142857,0,0,0,0.07464714996946081,0
2,45,6250,4945,0,60,0.08454545454545455,0,0,0,0.333828370291576,0
2,67,13680,11680,0,60,0.1833333333333333,0,1,0,0.1787901737309562,0
2,46,12980,13718,0,72,0.09469480889903023,0,0,0,0.43172269134703767,0
30,47,20190,17814,1,60,0.109,0,0,0,0.11163275503146228,0
5,34,13580,16174,0,72,0.06712062256809338,0,1,1,0.15738591271672683,0
0,27,16140,12940,0,72,0.074375,0,0,0,0.17763458122246686,0
9,34,19990,14190,0,60,0.121852970795569,0,1,0,0.05563872685503719,0
14,32,6390,3637,0,36,0.07066666666666667,0,0,0,0.11018590924007726,0
2,68,5990,4490,0,24,0.156,0,0,1,0.11378643061204181,0
1,24,25500,25810,0,72,0.1473684210526316,0,0,0,0.6652324659229245,1
24,55,7500,3500,1,36,0.03433333333333333,0,1,1,0.04502583969002242,0
25,49,14990,16300,0,96,0.1131428571428571,0,0,1,0.3195668679554668,0
1,61,24135,22871,0,60,0.1146153846153846,0,1,0,0.45447623318108477,1
3,31,26490,13450,0,48,0.1414285714285714,0,0,0,0.07988875601055617,0
8,51,24740,16740,0,48,0.1865671641791045,0,1,1,0.03559560148931003,0
24,51,6749,6164,0,60,0.05523809523809524,0,0,0,0.1913940654760766,0
15,62,4000,4000,0,36,0.02608695652173913,0,1,1,0.13918536055969558,0
5,29,11600,8184,0,48,0.08302752293577982,0,0,0,0.09064007065589953,0
32,48,21300,16300,0,60,0.1237458193979933,0,1,1,0.04288464808666486,0
12,76,11770,9770,0,72,0.095,0,1,1,0.1496008644270058,0
8,32,7940,9463,0,84,0.083125,0,0,0,0.33638124174400735,0
3,61,15700,15700,0,72,0.06642857142857143,0,1,0,0.16392065193890779,0
0,63,6800,3800,0,24,0.1481818181818182,0,1,1,0.06574564107796872,0
7,43,10700,11853,0,96,0.06442307692307692,0,0,1,0.22176994598018582,0
2,37,23660,23660,0,72,0.1628930817610063,0,1,0,0.4729555345861179,1
3,38,12990,13284,0,84,0.07924693520140105,0,1,0,0.2615180842464021,0
9,28,22910,25744,1,60,0.1068672839506173,0,1,0,0.2076514886603904,0
0,60,6637,7113,0,48,0.06153846153846154,0,1,0,0.2827268222283927,0
3,42,5990,5647,0,24,0.1626666666666667,0,0,0,0.14155617006104465,0
2,43,17900,12000,0,48,0.129047619047619,0,1,1,0.0367827459261654,0
1,28,23800,12900,0,60,0.07181818181818182,0,0,1,0.06772802816976334,0
7,40,10990,13288,0,96,0.1018987341772152,0,0,1,0.2895626093122246,0
0,37,7000,4506,0,36,0.083125,0,1,0,0.19433824583706463,0
26,45,15990,17495,0,72,0.1454054054054054,0,0,0,0.2630332037165438,0
15,37,14440,9850,0,72,0.06416666666666666,0,1,0,0.07815954695911528,0
14,31,8950,10206,0,60,0.07513513513513513,0,0,0,0.23908031220906426,0
3,43,18850,8478,1,60,0.3222222222222222,0,1,1,0.049559213722108385,0
23,49,19990,21880,0,72,0.085,0,1,1,0.08568643382500593,0
2,32,6985,7544,0,48,0.07393162393162393,0,1,1,0.18083784601208133,1
7,70,19377,16377,0,96,0.2395348837209302,0,1,1,0.09984005702684488,0
7,56,9850,9767,0,96,0.07028571428571428,0,1,1,0.11766814824200245,0
9,29,7990,8183,0,60,0.07523809523809524,0,1,0,0.21149779773848917,1
11,56,4450,4000,0,24,0.087,0,1,0,0.07258512114313813,0
40,59,39136,21650,1,60,0.1213333333333333,0,1,1,0.04724640538499973,0
32,59,13900,10283,0,60,0.0624,0,1,0,0.06257466596210744,0
35,55,23723,12548,1,48,0.08454545454545455,0,1,1,0.01891459102500415,0
1,35,19999,20109,0,96,0.1277486910994765,0,0,0,0.45164234995930436,1
3,37,19400,16490,0,48,0.1481481481481481,0,1,1,0.0501100642789299,0
2,18,7770,8644,0,96,0.101,0,0,0,0.49428341724487623,1
0,44,11750,13562,0,60,0.105,0,0,1,0.32032700538089975,0
35,52,19025,9806,1,60,0.07058823529411765,0,0,0,0.0480178479627263,0
0,39,13990,13990,0,48,0.07766666666666666,0,0,0,0.22456502517886517,0
11,48,14380,14380,0,72,0.1038095238095238,0,1,0,0.1703304520397784,0
2,55,15487,16361,0,72,0.125,0,0,0,0.39703284760359703,0
0,44,22000,23603,0,48,0.1542553191489362,0,1,0,0.40238396683508815,0
18,46,9900,7100,0,72,0.07125,0,1,0,0.09851317269180812,0
1,64,9480,7619,0,60,0.1059259259259259,0,1,0,0.19541721444049703,0
5,70,20830,14184,0,60,0.1188235294117647,0,1,1,0.047941283423533924,0
2,30,11387,11526,0,60,0.05413223140495868,0,0,0,0.2268896397659996,0
3,26,14140,4840,1,12,0.2985714285714286,0,1,1,0.026613999533912004,0
2,30,14700,17351,0,84,0.09875,0,1,0,0.3899899591078649,1
3,54,18930,18930,0,60,0.07013574660633484,0,1,0,0.20459425509169013,1
2,33,19625,16125,1,60,0.09595959595959595,0,1,1,0.062359565101210636,1
18,51,25700,19800,0,72,0.1053904630269523,0,1,1,0.08279066412968132,0
1,23,3888,4216,0,24,0.1558333333333333,0,0,0,0.29073306087720224,0
18,49,20990,19757,0,48,0.062,0,1,1,0.04607467062438088,0
3,32,13000,3000,1,24,0.08176100628930817,0,1,1,0.024742207603754014,0
1,42,22600,20600,0,60,0.2857142857142857,0,1,0,0.4733728986950952,0
1,36,13490,14983,0,60,0.16625,0,0,0,0.4804442227858481,1
7,25,12490,13543,0,60,0.1567741935483871,0,0,0,0.2819468985494645,0
4,38,16985,16985,0,60,0.1904153354632588,0,0,1,0.2882729619548066,0
28,52,16790,1548,1,12,0.04517241379310345,0,1,1,0.009416342644930993,0
16,41,19248,20047,1,60,0.09826361483820048,0,1,0,0.14521294030809248,0
25,52,8590,9031,0,60,0.03530295443164747,1,1,1,0.3392661167580833,1
14,78,15490,15490,0,72,0.1223076923076923,0,1,1,0.18798810397801288,0
4,68,15590,18706,0,84,0.1754838709677419,0,0,0,0.7129075322046146,1
11,54,13189,10041,0,72,0.1062937062937063,0,1,0,0.1216237538838288,0
2,32,3500,3759,0,36,0.08538461538461538,0,0,0,0.20441798016190765,0
5,41,5990,6635,0,72,0.092,0,0,0,0.34583830795059983,1
1,58,9900,10619,0,60,0.0972027972027972,1,1,0,0.5776678962128373,1
16,48,13870,9725,0,60,0.07782608695652174,0,1,0,0.0737085301827381,0
17,60,11900,6400,0,60,0.08615384615384615,0,1,0,0.08929422693867639,0
25,57,13700,5896,1,24,0.09886229894076108,0,1,1,0.01769024297818047,0
14,36,29493,25993,0,96,0.1664033701948394,0,0,0,0.25910091286584774,0
12,44,14990,16098,0,36,0.2159090909090909,0,0,0,0.18945928360790334,0
4,26,8726,8726,0,57,0.05882352941176471,0,1,0,0.1582032132062222,0
1,30,7990,7324,0,48,0.04305740987983979,0,1,0,0.19950468065420185,1
1,22,10900,11934,0,36,0.168,0,0,0,0.4282002785323191,0
23,84,13429,6966,0,48,0.08642857142857142,0,0,0,0.28855162416324265,0
14,59,11290,11359,0,60,0.1146153846153846,0,1,1,0.08440012618374661,0
0,28,9500,10453,0,72,0.08923076923076922,0,0,0,0.43553789988190034,1
2,34,13980,14555,0,48,0.0646875,0,1,0,0.1602037059333433,0
2,46,5200,5584,0,36,0.05689655172413793,0,0,0,0.19817242472441263,0
0,54,7705,7705,0,48,0.07115869017632241,0,0,0,0.31960978578824817,0
0,43,7600,7600,0,72,0.06609195402298851,0,1,0,0.36075308500791514,0
7,72,9480,4942,0,36,0.06444444444444444,0,1,0,0.06579984105506004,0
17,45,13794,14925,0,60,0.05541561712846348,0,1,0,0.1196081849000367,1
21,50,4750,4750,0,36,0.04057142857142857,0,0,1,0.07856223620616971,0
1,25,9385,7867,0,60,0.09666666666666666,0,1,0,0.2669599612336717,0
1,21,21690,25931,0,96,0.152,0,0,0,0.7655950500960786,1
0,63,19300,13300,0,36,0.0884,0,1,1,0.04009178901231116,0
25,48,17900,15041,0,60,0.03946764570904084,0,1,0,0.057940556181808905,0
35,59,26470,27490,0,72,0.1057142857142857,0,1,0,0.19376541155843807,0
13,42,20700,10700,0,48,0.07277710109622412,0,1,1,0.0175208853197939,0
1,47,10795,3167,1,24,0.05389221556886228,0,1,0,0.05824802787939644,0
0,56,5648,5648,0,36,0.1536363636363636,0,0,0,0.26078441325000185,0
0,56,11895,13296,1,36,0.1873547187354719,0,1,0,0.2655348628185982,0
28,60,13209,13209,0,72,0.1766666666666667,0,1,1,0.14847325160306193,0
22,52,15351,7490,1,60,0.02878787878787879,0,1,1,0.03696665940931342,0
5,50,10338,11242,0,60,0.1033333333333333,0,0,0,0.32411586408427,0
12,76,16490,6990,0,24,0.07894736842105263,0,1,0,0.02565392906197279,0
3,60,6849,5731,0,48,0.120952380952381,0,1,1,0.08537288763592826,0
0,53,12480,12480,0,60,0.12,0,0,0,0.29370117839840487,1
0,63,14500,3400,1,48,0.07777777777777778,0,1,1,0.020922606371171527,0
7,27,11130,8630,0,60,0.0875139353400223,0,0,0,0.11302249211825091,0
5,31,19990,24490,0,96,0.137189292543021,0,1,1,0.17662630015724445,0
15,56,11801,12500,1,60,0.05958188153310105,0,0,1,0.10624638673577329,0
18,55,13000,8000,0,12,0.6702970297029703,0,1,0,0.05347290412145407,0
3,31,18990,20897,0,72,0.09581589958158995,0,1,1,0.16973428919602268,0
0,25,9281,9281,0,48,0.1505763688760807,0,0,1,0.2012292095428527,1
10,41,29000,25500,0,60,0.09366925064599484,0,0,1,0.12177329039956533,0
26,50,12850,9750,0,48,0.07875,0,0,1,0.06267271861023142,0
11,55,9990,10503,0,60,0.1591666666666667,0,1,1,0.10451973699701966,0
10,70,6490,4990,0,36,0.1354545454545455,0,0,0,0.20594373255077078,0
16,76,8630,9162,0,72,0.1119047619047619,0,0,1,0.4606186299968892,0
25,53,12500,8000,0,60,0.045,0,0,1,0.06351326332694995,0
7,32,15319,16069,0,72,0.122,0,0,0,0.30381488340566787,0
12,51,21200,10722,0,36,0.0965625,0,1,1,0.01718509370345837,0
4,47,22900,22900,0,72,0.155625,0,1,1,0.16360504603986017,1
21,76,5900,2400,1,36,0.0355,0,0,0,0.14774739014870006,0
16,79,10489,8104,0,60,0.1064285714285714,0,1,0,0.1428499529900265,0
1,44,12950,12950,0,72,0.08146067415730338,0,0,0,0.42993060727012206,0
0,36,9890,9890,0,60,0.08230088495575222,0,1,1,0.1771073323792509,1
26,47,16490,16490,0,84,0.1768,0,1,0,0.14573487924478468,0
25,58,15617,17055,0,48,0.1933333333333333,0,1,1,0.09719234811922606,0
0,23,9650,9764,0,72,0.06,0,0,0,0.41692398654813895,0
11,35,14689,14358,0,60,0.075,0,0,0,0.15256937727297082,0
16,33,7990,7995,0,60,0.07944444444444444,0,0,0,0.22032417407286622,0
10,74,4430,4555,0,36,0.08242424242424243,0,0,0,0.21086767500117282,0
10,70,7190,8393,0,60,0.1436363636363636,1,0,0,0.7999256390447528,1
3,35,7490,8078,0,48,0.09680851063829787,0,1,0,0.220804515830146,0
2,54,17021,16224,0,72,0.06623058053965658,0,1,0,0.1747374653447149,0
0,27,13550,14796,0,72,0.0801583374567046,0,0,0,0.3092455854280795,0
13,52,10490,7490,0,60,0.05045454545454545,0,1,0,0.08875689432079276,0
14,39,5000,5610,0,48,0.08389261744966443,0,0,1,0.11613382349919635,0
2,46,12189,7189,0,48,0.06054054054054054,0,1,0,0.08082095858422136,0
2,24,14000,15189,0,60,0.1233333333333333,0,0,0,0.4476367081845595,0
1,29,8990,4129,0,48,0.06888888888888889,0,0,0,0.13456120170067526,0
6,70,22290,17498,0,36,0.1783831282952548,0,1,0,0.07502507803375945,0
19,40,13490,13490,0,96,0.0635048231511254,0,1,0,0.12505523153238518,0
5,32,10390,4658,1,24,0.1310160427807487,0,0,0,0.05059140265896056,0
16,54,7700,3000,0,24,0.04266666666666667,0,1,1,0.039167940818413766,0
3,24,11995,12578,0,60,0.136,0,0,0,0.266173280852429,0
0,58,5990,2059,1,24,0.0712,0,0,0,0.14966855366565898,0
0,61,5653,6128,0,36,0.1292857142857143,1,0,0,0.5267466652597226,0
6,28,8600,5370,0,36,0.09294117647058824,0,0,0,0.06736394458598156,0
0,57,10990,8490,0,36,0.2142197599261311,0,1,1,0.06041460148955587,0
4,67,23900,12900,0,60,0.0928,0,1,1,0.04433178277707629,0
24,51,4761,4761,0,48,0.0334375,0,1,1,0.06082122974022191,0
4,44,16000,16000,0,72,0.1056,0,1,0,0.16299250035456975,0
15,47,9700,9532,0,72,0.04318840579710145,0,1,1,0.10458788034429033,0
38,54,18590,16590,0,96,0.06466666666666666,0,0,1,0.09543047626470418,0
17,82,13995,10695,0,60,0.0804,0,1,1,0.09323524982845055,0
3,26,22795,22795,0,84,0.1829411764705882,0,0,1,0.3619352553591974,0
8,69,24050,15235,0,48,0.07538461538461538,0,1,1,0.02769384900754073,0
2,32,6500,5988,0,60,0.06174863387978142,0,0,0,0.32669967625155105,0
4,55,6700,6700,0,48,0.08174097664543524,0,1,0,0.17923042819949211,1
0,27,11990,12088,0,60,0.1681481481481482,0,0,0,0.32510460084198695,1
0,55,14990,13001,0,72,0.07185185185185185,0,1,1,0.10933318494746924,0
11,46,4084,4342,0,24,0.1236842105263158,0,1,0,0.08541433146197938,0
4,67,14950,7450,0,48,0.1244444444444444,0,0,1,0.06932185583172036,0
1,38,7990,8816,0,72,0.03848895224518888,0,1,0,0.3501321813686617,1
12,55,11890,9890,0,60,0.07722222222222222,0,1,0,0.12046044822809437,0
2,48,13990,6646,1,72,0.07615384615384616,0,1,1,0.04705569159717162,0
14,35,12500,13839,0,48,0.057,0,1,1,0.07778993592521215,0
0,18,10200,9891,0,36,0.2466666666666667,0,0,0,0.344533150173196,0
1,26,8890,8260,0,24,0.08992805755395683,0,1,0,0.16040192001819892,0
26,59,15500,15500,0,60,0.0296,0,1,1,0.08515776751262787,0
9,34,7990,9489,0,84,0.1172727272727273,0,0,0,0.37083464491172086,0
26,48,8800,8800,0,60,0.05208333333333334,0,1,0,0.09415404598580811,0
0,36,13900,13900,0,72,0.07228915662650602,0,1,0,0.25498196382399235,0
1,46,13900,13038,0,72,0.2255555555555556,0,1,1,0.13611956763195376,0
1,40,15874,15874,0,36,0.122,0,1,0,0.21646125441433603,0
6,31,10500,10500,0,60,0.09,0,1,0,0.15709643254611735,0
4,23,12035,13167,0,96,0.1254901960784314,0,0,1,0.38348610673194095,1
10,39,5900,5900,0,60,0.06076923076923077,0,1,0,0.16246578655164765,0
18,77,6290,2290,1,24,0.06533333333333333,0,0,1,0.11828652625594971,0
26,61,21300,18300,0,60,0.1283333333333333,0,0,1,0.14357966208953896,0
7,46,12490,7611,0,60,0.08125,0,1,1,0.048219360485098624,0
11,76,6850,4992,0,36,0.1401693320790216,0,1,1,0.07377792333478383,0
5,69,9500,9500,0,84,0.07428571428571429,0,0,1,0.2684673742773542,1
2,26,14040,16185,0,60,0.1342281879194631,0,0,0,0.4455899149934651,1
4,31,12790,14220,0,84,0.1379310344827586,0,0,0,0.45709344987681993,1
31,50,11722,12641,0,48,0.1478982874935132,0,1,0,0.10357906207409698,0
2,38,11480,12522,0,60,0.05235109717868339,0,1,0,0.2121846399679761,1
16,52,4246,4572,0,48,0.07271418286537078,0,1,0,0.10105055565088954,0
5,25,14690,14152,0,72,0.1278571428571429,0,0,0,0.3133336120906266,0
44,63,9900,8900,0,60,0.09933333333333333,0,0,0,0.14213853285296157,0
0,42,13600,9100,0,72,0.05102407473948976,0,1,1,0.0634938217363701,0
7,29,18750,13750,0,60,0.06235294117647059,0,0,1,0.050854041899029756,0
0,33,14950,14950,0,24,0.3461111111111111,0,0,0,0.36619554739432986,0
25,55,4140,4140,0,12,0.11,0,1,0,0.06325015279541465,0
24,40,17666,17666,0,36,0.1585889570552147,0,1,1,0.06762591821530876,0
3,33,7500,6000,0,12,0.1977640709329221,0,0,0,0.07014431331084396,0
21,46,8914,8914,0,30,0.1036649214659686,0,0,0,0.3346590918387168,0
1,22,25658,25772,0,60,0.2114285714285714,0,0,0,0.7022333144290299,1
19,43,3990,4287,0,36,0.04233333333333333,0,1,0,0.08754768822650877,0
10,34,8182,8682,0,36,0.07750759878419453,0,0,0,0.08238804694551324,1
39,63,15990,13142,0,72,0.07933333333333334,0,1,1,0.050391991420846105,0
6,61,7258,7529,0,48,0.09785067873303167,0,0,0,0.22165585183450995,0
3,27,20239,19638,0,72,0.1069364161849711,0,0,0,0.2720679414143974,0
5,70,15740,11004,0,60,0.1279220779220779,0,1,1,0.05385449310110033,0
6,69,13300,5300,1,48,0.07333333333333333,0,1,0,0.037221796371803714,0
5,61,10561,10542,0,60,0.0550098231827112,0,1,0,0.18150690754919685,0
13,48,10360,10094,0,48,0.1036363636363636,0,0,0,0.1300549867266529,0
5,66,15990,19138,0,84,0.2069230769230769,0,0,1,0.5110917584671675,0
24,57,10881,10881,0,48,0.1166666666666667,0,0,0,0.12943734787815786,0
18,40,6300,6236,0,48,0.06453154875717017,0,1,0,0.117244002164128,0
21,48,9898,9898,0,24,0.143,0,1,1,0.06154088542848572,0
0,44,10950,11080,0,48,0.1110611510791367,0,0,0,0.267988604568232,0
30,55,15350,12350,0,84,0.07909090909090909,0,1,0,0.07063252626842054,0
1,27,15185,12185,0,60,0.06739130434782609,0,1,1,0.08192912272479064,0
16,45,7179,6438,0,48,0.12,0,0,0,0.15190710588606637,1
1,32,13495,15696,0,72,0.098,0,0,0,0.455036856578078,1
5,51,11149,13334,0,84,0.08842297174111212,0,1,0,0.26848943625236704,0
2,21,22040,25333,0,60,0.2051282051282051,0,0,0,0.671734442530601,1
14,46,12790,9113,0,60,0.04175,0,1,1,0.05468058635061405,0
11,74,18740,18838,0,60,0.2816666666666667,0,1,0,0.34572013455822337,1
15,76,15390,9885,0,24,0.3269230769230769,0,0,0,0.20415936000558155,1
4,50,15800,12000,0,60,0.06493506493506493,0,1,1,0.048885231450198054,0
0,21,4500,1894,1,12,0.1044585987261147,0,0,0,0.20750986905563956,0
30,48,5900,5900,0,72,0.3166666666666667,0,1,0,0.3167182266959109,0
8,27,24000,22500,0,72,0.1029411764705882,0,0,0,0.20953866847939528,0
2,26,13990,11990,0,60,0.1384057971014493,0,1,0,0.21480437811825873,1
8,24,13990,15958,0,60,0.09425837320574162,0,0,0,0.2199384044495658,1
1,57,9600,4600,1,48,0.05888888888888889,0,1,1,0.04105931171780454,0
2,35,10950,11708,0,84,0.077,0,0,0,0.3889815322139881,0
2,52,11990,11990,0,72,0.0718918918918919,0,1,0,0.17606558859863577,0
8,28,5450,6120,0,72,0.07111111111111111,0,0,0,0.2158519534043308,0
4,52,4781,4781,0,48,0.05333333333333334,1,1,1,0.2139321142908124,1
2,43,5924,6423,0,60,0.07931034482758621,0,1,0,0.3297235448343235,0
5,28,16200,13128,0,48,0.205,0,1,0,0.06008604685682926,0
24,61,20149,5264,1,36,0.08378378378378379,0,1,0,0.016435056265492493,0
1,22,10400,12202,0,72,0.1583333333333333,0,0,0,0.593196148546221,0
0,21,11990,13396,0,96,0.1358333333333333,0,0,0,0.6736458650887757,1
1,54,7600,2758,1,12,0.1958333333333333,0,1,1,0.03966637868295799,0
5,54,10630,12232,0,60,0.1558333333333333,0,0,1,0.2760796585970463,1
1,32,4200,3759,0,36,0.0925,0,0,0,0.24250447106663006,0
8,68,8990,8990,0,60,0.1182795698924731,0,0,1,0.27064598400248635,1
4,38,19100,14068,0,48,0.04933333333333333,0,1,0,0.03898694265013746,0
19,49,9000,9650,0,36,0.1323809523809524,0,0,0,0.14019824418926063,0
13,48,8839,8839,0,48,0.126875,0,0,0,0.09849138671771834,0
28,46,16990,18789,0,72,0.085,0,0,0,0.35549549658979956,0
29,55,6800,6800,0,60,0.04740740740740741,0,1,1,0.08442150659176152,0
27,57,17250,13750,0,60,0.06578947368421052,0,1,1,0.039663930470110124,0
40,57,10500,5500,0,24,0.1268421052631579,0,1,0,0.037415219298366956,0
0,33,10950,9715,0,60,0.1035294117647059,0,0,1,0.21242826725292882,0
46,63,7650,9055,0,96,0.07519788918205805,0,1,1,0.42010561733790225,0
20,55,21500,16500,0,60,0.0788,0,1,1,0.04024675283846379,0
5,49,10407,10582,0,12,0.06057919621749409,0,1,1,0.04990693825650587,0
11,65,6486,6646,0,12,0.090625,0,1,1,0.050604836355812484,0
21,43,10780,6683,0,48,0.05846153846153846,0,1,1,0.0405257104116323,0
14,75,8300,5300,0,96,0.062,0,0,0,0.22878057881472755,0
23,58,15775,10000,0,48,0.1916666666666667,0,1,1,0.03226797082462426,0
7,30,9890,11478,0,60,0.07566137566137567,0,1,1,0.11396161590776492,0
47,64,25099,19099,0,60,0.05766666666666666,0,1,0,0.1992097125073432,0
3,50,7900,8469,0,48,0.09,0,0,0,0.23035227221015858,0
29,45,5173,5173,0,36,0.05703703703703704,1,1,1,0.25639795804763665,0
2,26,10000,10832,0,60,0.08421052631578947,0,1,0,0.3270039419431605,1
20,65,26495,26989,0,84,0.1433962264150943,0,1,1,0.1739441637851467,1
6,39,16990,20762,0,60,0.1487179487179487,0,0,0,0.4083080393139885,1
2,34,16480,15480,0,96,0.115625,0,0,0,0.34386787031971167,1
2,27,23490,26022,0,96,0.1583783783783784,0,1,0,0.5579235143044149,1
8,57,12400,12212,0,60,0.1461538461538462,0,0,0,0.19668420415057514,0
21,60,3200,3200,0,24,0.04682274247491638,0,1,1,0.04640637833974243,0
30,50,9990,4990,0,48,0.03026315789473684,0,1,1,0.037542415721143266,0
1,41,6350,1912,1,24,0.06833333333333333,0,0,0,0.15423389348193747,0
8,73,9500,9500,0,48,0.1733333333333333,0,1,0,0.1316210405171924,0
2,35,10950,11604,0,60,0.06272838002436054,0,1,1,0.15276351405284383,0
8,69,4989,4989,0,48,0.1095238095238095,0,1,1,0.09047907945669388,0
7,81,7590,7590,0,72,0.02179349767774205,0,1,0,0.3303481081348374,1
0,34,12000,12828,0,48,0.05620753551575047,0,1,0,0.2559054059848584,0
12,74,11900,12525,0,60,0.1316666666666667,0,1,0,0.2242526961976422,1
3,19,7990,5000,0,36,0.07833603457590492,0,0,1,0.14585788067863276,1
1,29,5850,6090,0,48,0.0625,0,0,0,0.27650974633466846,0
1,25,12500,12650,0,60,0.1252631578947369,0,0,0,0.34256033794413365,0
4,42,19400,21925,0,60,0.0884046052631579,0,0,0,0.2841556813422411,1
4,29,4490,4827,0,36,0.07543216343635412,0,1,0,0.11518449748306417,0
10,40,8475,9652,0,60,0.09243243243243243,0,1,0,0.27816325651757795,0
2,49,8298,5701,0,36,0.0692,0,0,0,0.11187494035767442,0
7,33,17500,12500,0,72,0.04598092643051771,0,0,1,0.0560044027128742,0
3,38,6360,3360,0,24,0.042,0,0,0,0.093746923683581,0
31,54,13970,15159,0,60,0.06254545454545454,0,1,0,0.11646986517496184,0
8,25,5900,3315,1,48,0.018,0,1,0,0.13960051818200575,0
4,47,14600,5412,1,36,0.1033333333333333,0,0,0,0.05187053665896143,0
1,24,17970,21228,0,72,0.1375485302273988,0,0,1,0.490086692312507,1
6,46,12585,10285,0,60,0.1437037037037037,0,1,1,0.06503587414321339,0
2,38,16790,18473,0,84,0.1183550651955868,0,1,0,0.5923844294272623,0
1,55,28980,24376,1,60,0.1820833333333333,0,1,0,0.4576466691629773,0
2,57,13744,14698,0,60,0.1428571428571428,0,1,0,0.30503658545859924,0
7,70,13690,13600,0,48,0.2483498349834984,0,1,0,0.14113559314818228,0
29,48,6500,6645,0,48,0.08571428571428572,0,0,0,0.15010470033783108,0
9,55,10990,5166,1,24,0.05947368421052632,0,1,1,0.026950696974094968,0
13,53,12500,12470,0,60,0.1357575757575758,0,1,0,0.12608019441846932,0
22,61,8970,6970,0,60,0.04740740740740741,0,0,0,0.1381604990200412,0
1,27,8900,9642,0,48,0.1516150296638102,0,0,0,0.3387004809427765,1
18,57,10390,5674,0,48,0.08928571428571429,0,0,0,0.07734865389030256,0
3,23,22422,22672,0,60,0.1413043478260869,0,0,0,0.4299795274983229,0
6,33,23989,19989,0,72,0.04656923458013376,0,1,1,0.06496475886007912,0
8,47,11490,5301,1,48,0.118,0,1,0,0.04700534482785614,0
22,47,11318,11318,0,48,0.08225806451612903,0,1,1,0.0634174509697297,0
2,65,10895,11455,0,60,0.08609271523178808,0,1,1,0.12404466428741043,0
7,72,6790,6790,0,48,0.07470588235294118,0,1,1,0.09724847189998517,0
6,40,10430,10430,0,48,0.07121212121212121,1,0,1,0.3932592484697764,0
4,21,10900,10081,0,60,0.152,0,0,0,0.38466198918597116,1
1,32,11750,12786,0,60,0.03828600405679513,0,1,1,0.15980837258385885,0
17,62,12500,9125,0,60,0.096,0,1,1,0.06891426235466515,0
5,67,13900,8900,0,60,0.162,0,1,1,0.053779921281463264,0
15,54,17500,12000,0,60,0.1625,0,1,1,0.047846399191726334,0
3,36,2897,3140,0,24,0.08678756476683938,0,0,0,0.14856547546428428,0
9,51,11980,11980,0,84,0.09875,0,1,0,0.1237785606101831,0
19,44,9380,10116,0,48,0.12,0,1,1,0.0798625229680576,0
0,22,16990,16990,0,60,0.1469230769230769,0,1,0,0.5604362950398032,1
0,47,8850,9443,0,60,0.068,0,0,0,0.4055180806351216,0
17,53,9800,9800,0,72,0.04131578947368421,0,1,1,0.09794312396282294,0
31,51,23000,15000,0,60,0.0930795847750865,0,1,0,0.05290208040519097,0
0,29,19550,21260,0,60,0.1434217955957086,0,1,0,0.3786293694166475,1
0,50,16500,9500,0,36,0.1385365853658537,0,0,1,0.06496111599359469,0
1,34,12890,14338,0,48,0.08705457825890843,0,0,0,0.36888854131343773,1
8,35,9900,6050,0,36,0.055625,0,0,1,0.0518936042727754,0
0,60,6415,2000,0,12,0.34,0,1,0,0.10494842973542053,0
2,45,7900,6519,0,60,0.06315789473684211,0,0,0,0.27119961056567327,0
2,67,16339,19779,0,60,0.07096774193548387,0,1,0,0.42154013212482694,0
10,26,4554,5101,0,48,0.05913410770855333,0,0,0,0.14356411469995897,1
1,41,12500,13965,0,96,0.06865912762520193,0,1,1,0.22043593040685083,1
1,23,15000,15000,0,48,0.1266666666666667,0,0,0,0.3719212848786179,0
24,62,7625,4925,0,60,0.04,0,1,1,0.08056889177278354,0
7,65,5490,5915,0,72,0.04454545454545455,0,0,0,0.24628694456783404,0
10,33,15500,10000,0,60,0.03652173913043479,0,0,1,0.04953555809744073,0
13,49,14280,12906,0,72,0.09161349134001823,0,1,0,0.15362606419017477,0
1,25,11000,7896,0,48,0.1164254247954688,0,0,0,0.18527210528502905,0
1,38,10790,4790,1,48,0.054,0,0,1,0.06111828450379034,0
1,24,28990,29777,0,72,0.1994736842105263,0,0,0,0.7969208701326997,1
3,37,6700,6700,0,60,0.078125,0,1,1,0.1547094550891839,0
27,50,7185,7517,0,84,0.04260651629072681,0,1,0,0.18056401999192012,0
6,55,5990,6695,0,60,0.072782874617737,0,1,0,0.17966191476919446,0
10,30,20710,5710,1,96,0.03094170403587444,0,0,0,0.042439864823536406,0
13,38,10990,6057,0,48,0.07411764705882352,0,0,0,0.07219886963843007,0
0,24,8800,1800,1,12,0.1266666666666667,0,0,0,0.07436729279419198,1
2,65,11500,11500,0,48,0.1411764705882353,0,0,1,0.18005514099406267,0
5,56,28485,11881,1,48,0.1421621621621622,0,1,0,0.03625814886199281,0
16,62,9950,11553,0,96,0.05,0,1,0,0.1812836356242947,1
15,49,5900,4691,0,36,0.08695652173913043,0,1,1,0.058789866198765924,0
4,22,8000,8130,0,72,0.082,0,0,0,0.34997498165199115,1
5,70,5425,5425,0,24,0.0952,0,1,0,0.08901984563790792,0
8,25,4267,4420,0,12,0.1111764705882353,0,0,0,0.06565842254066478,0
23,55,5205,5590,0,36,0.1620825147347741,0,1,0,0.09558845434111632,0
4,33,10000,10892,0,60,0.08461538461538462,0,1,0,0.22322045293005327,1
34,51,5870,6449,0,72,0.02724867724867725,0,1,1,0.12456745103560675,0
12,33,35290,26829,0,60,0.1048657718120805,0,1,0,0.13279801978139444,0
16,47,9985,10859,0,60,0.1096296296296296,0,1,1,0.0999921562721858,0
19,52,14560,9775,0,48,0.02225189141076991,0,1,1,0.03707490901932574,0
28,45,6500,6500,0,48,0.0768,0,1,0,0.12168922446772051,0
11,47,29500,29500,0,48,0.2375,0,0,1,0.1474088881623086,0
16,46,24590,21251,0,72,0.1391111111111111,0,1,1,0.09907176124709854,0
33,53,6078,6957,0,60,0.0715846994535519,0,1,0,0.173594110507058,0
1,21,25490,27214,0,48,0.2164705882352941,0,0,0,0.6751328856185138,0
2,38,11154,8293,0,48,0.06925925925925926,0,1,1,0.05931117945366467,1
2,23,15500,12500,0,36,0.22875,0,0,0,0.12510017337886464,0
33,50,9295,4912,0,36,0.05071428571428571,0,0,1,0.05095569389888248,0
12,58,20290,21813,0,72,0.09151515151515152,0,1,1,0.08460135639058232,0
1,37,15450,16027,0,48,0.0844,0,0,0,0.254151822896227,0
25,58,7238,4427,0,36,0.1633986928104575,0,1,1,0.054887534354597374,0
3,41,15755,15671,0,72,0.08716981132075471,0,0,0,0.25046047911647723,0
12,72,7780,2580,1,24,0.0888,0,0,0,0.11266169885884832,0
7,47,7860,6329,0,48,0.06041666666666667,0,1,0,0.09240281868504198,0
0,35,7980,8593,0,48,0.05965463108320251,0,1,0,0.29105245061174473,1
1,27,14933,13499,0,96,0.07583170254403131,0,0,0,0.2836138454389388,0
14,79,4932,4932,0,36,0.1208333333333333,0,0,0,0.4070972350917064,0
2,41,14990,13552,0,60,0.1325,0,1,1,0.1385052889555735,0
7,57,15990,17518,0,84,0.1154545454545454,0,1,0,0.15634420588964143,1
0,37,15150,8940,1,60,0.07,0,1,0,0.1371688876435481,0
18,54,5971,6138,0,36,0.0736,0,1,0,0.09686929719419513,0
2,48,5590,6370,0,60,0.08571428571428572,0,0,0,0.3901524567022668,0
4,53,11000,12033,0,72,0.088,0,0,1,0.21882841105212275,1
6,64,3477,3592,0,24,0.156,0,0,0,0.14873084146546298,0
8,52,6500,4950,0,48,0.07448275862068965,0,1,0,0.11299919948717117,1
2,22,19085,19674,0,60,0.1521212121212121,0,0,0,0.4421574368346107,0
1,41,23860,20990,0,84,0.09389830508474577,0,1,0,0.32433656338066735,0
16,48,10390,9226,0,60,0.07378048780487804,0,1,1,0.09026115456622931,0
1,36,10880,12588,0,72,0.1568,0,0,0,0.553970351697185,1
23,58,18142,18142,0,72,0.12,1,0,0,0.5040038262406273,0
2,34,11715,11840,0,84,0.04394736842105263,0,0,1,0.16943642092189268,0
0,31,12400,12400,0,48,0.0961111111111111,0,0,0,0.21125964715091064,0
3,31,17205,18000,1,72,0.08884758364312267,0,1,1,0.20956518353776288,0
0,24,15990,17714,0,96,0.2857142857142857,0,1,0,0.4189755710804547,1
6,34,6190,6720,0,24,0.1755223880597015,0,0,1,0.09975899673442144,1
7,28,6975,7843,0,48,0.08880118401578688,0,0,0,0.1759658734641674,0
6,26,7950,8095,0,60,0.093125,0,1,0,0.2502411217644836,0
35,55,13140,15372,0,84,0.07174231332357248,0,1,1,0.12864516459393907,0
6,39,9500,10546,0,96,0.075625,0,0,0,0.2371945674069706,0
8,48,15809,14509,0,72,0.08157894736842106,0,0,0,0.14442362885828866,0
9,57,3260,3587,0,24,0.06782608695652174,0,1,1,0.05849750545022168,0
1,37,13890,15313,0,60,0.07751937984496124,0,0,0,0.3396833104743641,1
16,46,13100,14209,0,60,0.2742857142857143,0,1,0,0.2716074291764261,0
2,23,5550,5537,0,48,0.09230769230769231,0,0,0,0.24189741986510294,0
12,34,8500,9426,0,48,0.0775,0,0,0,0.24310632377615954,0
11,52,19900,13000,0,36,0.0744,0,1,1,0.020812196553710586,0
4,51,12480,10422,0,60,0.0784,0,1,1,0.07398985971514768,0
16,54,11990,6847,0,36,0.1233453670276775,0,1,1,0.03142483575839652,0
34,55,4875,3087,0,36,0.04789473684210526,0,1,1,0.05151363990275592,0
4,55,18620,21884,0,96,0.1140909090909091,0,1,0,0.3241170846614505,0
2,22,7240,7240,0,60,0.0890909090909091,0,1,0,0.5958783772332378,0
15,36,8048,8048,0,36,0.1331491712707182,0,0,1,0.07103479611453385,0
15,53,3400,3400,0,24,0.06772727272727273,1,1,1,0.3947770085454053,0
13,49,10980,10980,0,24,0.1781481481481481,0,1,1,0.05730932054902367,0
8,73,12650,12650,0,48,0.36375,0,0,0,0.22136211857137028,1
27,57,17790,19174,0,72,0.09272727272727273,0,1,0,0.2849932000847756,0
1,28,3890,4306,0,36,0.07470588235294118,1,1,0,0.6620168754300674,1
5,52,5825,4825,0,24,0.09952380952380953,0,0,0,0.10838205590575577,0
28,49,4800,5470,0,60,0.03625483984512495,0,1,1,0.08528107715105487,1
30,54,17940,19521,0,72,0.08,0,1,0,0.22598317724051378,0
3,40,12990,12025,0,72,0.1033519553072626,0,1,1,0.1336966069040067,0
0,36,12717,12717,0,72,0.08594594594594594,0,1,1,0.16455565839360484,0
40,62,7617,7617,0,48,0.0625,0,1,0,0.12021551021677242,0
1,28,10600,6379,1,24,0.1154166666666667,0,1,0,0.11244249311842039,0
0,21,8684,9259,0,48,0.08196721311475409,0,0,0,0.42418986131422515,1
1,59,11650,5906,0,36,0.08894736842105264,0,1,0,0.08488145634281342,0
5,33,27500,21500,0,60,0.07408450704225353,0,1,1,0.07423578554500702,0
1,24,18380,11801,0,60,0.1223076923076923,0,0,0,0.20078805273371525,0
4,38,17990,17565,0,60,0.2083333333333333,0,1,0,0.16920250307234574,0
1,39,16890,4218,1,60,0.04470588235294118,0,0,0,0.07076795892382017,0
2,64,10250,9109,1,72,0.044375,0,1,1,0.117663994409774,0
6,49,7200,3600,1,24,0.1875,0,1,0,0.06744441183708805,0
1,23,15500,15723,0,60,0.2169230769230769,0,0,0,0.3809400009448629,0
3,68,16289,14789,0,48,0.1069767441860465,0,0,1,0.16009655375600018,0
3,31,11800,12905,0,36,0.08098068350668648,0,1,0,0.18176835323625273,0
2,38,7500,6200,0,48,0.0242600679281902,0,0,0,0.16489464913932297,0
23,54,17990,10990,0,60,0.07547169811320754,0,1,0,0.04848786260694228,0
28,46,8870,9325,0,60,0.1031839622641509,0,1,1,0.14264027417049582,0
1,43,6000,2693,0,36,0.06916666666666667,0,1,0,0.17335255947117675,1
15,36,9170,10084,0,60,0.07748287671232877,0,1,1,0.11038219298096538,0
14,37,10690,10230,0,48,0.1027272727272727,0,1,0,0.0970774832376628,0
27,60,9735,10877,0,48,0.1388888888888889,0,0,1,0.11990781465705307,0
3,52,13490,14424,0,48,0.08391304347826087,0,0,1,0.12992199526058704,1
3,19,7990,4255,1,24,0.1430769230769231,0,0,0,0.11009779694498628,0
7,44,6200,6315,0,60,0.0595,0,0,1,0.15737356368592845,0
8,72,13900,13900,0,72,0.1276470588235294,0,1,1,0.1245825752995645,0
16,55,16499,17664,0,84,0.1042505592841163,0,0,0,0.20214949173731955,0
2,26,17650,15150,0,60,0.1288888888888889,0,0,0,0.2208591726120318,0
0,43,15990,15572,0,60,0.09974905897114178,0,0,0,0.2648206651921129,0
3,68,7990,2190,1,24,0.06818181818181818,0,1,1,0.043736006336864995,0
0,32,10900,10874,0,96,0.1136363636363636,0,1,0,0.3411503462137012,0
15,35,14500,12259,0,60,0.1092857142857143,0,0,0,0.16732468509939166,0
8,62,6400,7159,0,72,0.06576629477392835,0,1,0,0.21649879973824848,0
14,54,24136,23136,0,60,0.1255,0,1,1,0.08521919007444145,0
1,45,11233,8866,0,48,0.1866666666666667,0,1,1,0.06529136010745712,0
0,21,11950,10333,0,60,0.1129411764705882,0,0,0,0.43119476428980524,0
31,55,26000,26000,0,72,0.181304347826087,0,1,1,0.14644920935920208,0
3,19,27290,26911,0,60,0.2024242424242424,1,0,0,0.8254827537156777,1
4,51,3810,4211,0,36,0.04627151051625239,0,0,0,0.12531654578532653,0
11,61,6630,5168,0,60,0.09001956947162426,0,0,0,0.2510788545374128,0
6,73,12500,12500,0,84,0.05201958384332925,0,1,1,0.07668838238323569,0
1,27,11984,10318,0,48,0.151394422310757,0,1,0,0.20849311754772756,1
28,59,6475,6475,0,36,0.06258064516129032,0,1,1,0.07035451397003406,1
25,51,16750,10750,0,60,0.05078947368421052,0,1,1,0.029786261102319824,0
3,26,7000,7573,0,60,0.09671361502347418,0,0,0,0.3197922593682347,1
6,34,14900,16428,0,72,0.1276923076923077,0,1,0,0.23344459468627807,0
12,43,22885,13885,0,48,0.1391111111111111,0,1,1,0.027543954132193783,0
26,61,34490,19490,0,60,0.08620689655172414,0,1,0,0.08166688504344712,0
20,79,15958,15958,0,48,0.0590625,0,1,0,0.14476094824298685,0
2,68,1600,1675,0,24,0.06083333333333334,0,1,1,0.06951735957305998,0
2,41,7000,3500,0,12,0.1368227731864096,0,1,0,0.075869493030905,1
3,30,12790,9630,0,72,0.05551443375277572,0,1,0,0.11760191973903523,0
1,18,10990,11822,0,48,0.110625,1,0,0,0.8210099870125271,1
9,40,13990,12002,0,72,0.0757396449704142,0,0,1,0.08962658945445974,0
1,41,25900,16900,0,60,0.109,0,1,0,0.1577557855417497,0
1,32,11300,10551,0,96,0.07560543414057885,0,1,1,0.14684750346564998,1
6,59,7500,7991,0,60,0.09545454545454546,0,1,0,0.18650764241137333,0
0,64,4500,4816,0,48,0.05047619047619047,0,1,0,0.18904101393296657,1
34,52,26410,23410,0,48,0.108695652173913,0,1,1,0.05543904305694739,0
4,42,2657,2825,0,24,0.076875,0,1,0,0.10491256329714237,0
4,42,14900,16190,0,60,0.08935532233883059,0,1,0,0.27873845073949544,0
5,60,21370,5613,1,36,0.09476162448499117,0,1,0,0.014674739758332332,0
15,75,6660,6660,0,36,0.1088888888888889,0,0,1,0.1873494532663683,1
9,50,14351,14351,1,60,0.075,0,1,0,0.11155324047877867,0
12,53,9850,6000,0,60,0.055,0,1,0,0.08547077679985865,0
12,39,12500,9500,0,60,0.111875,0,0,0,0.1621162497997633,0
35,58,14971,17289,0,60,0.1009090909090909,0,1,0,0.21381154749177853,1
11,41,12814,13933,0,60,0.09302325581395349,0,0,0,0.2517746850431734,0
3,23,14990,16451,0,72,0.1484615384615385,0,0,0,0.4326695003851104,0
2,65,4625,5006,0,96,0.08235294117647059,0,1,1,0.17019505667846416,0
3,51,8400,9127,0,60,0.08571428571428572,0,0,0,0.4136982574955027,1
4,47,7990,6105,0,60,0.06222222222222222,0,0,1,0.13497138976237866,0
9,55,10760,8639,0,48,0.04948717948717949,0,0,0,0.07217689321159865,0
32,51,15990,8500,0,48,0.07111111111111111,0,1,1,0.020677951323915728,0
7,49,10990,7990,0,60,0.0588,0,1,1,0.054119570795282596,0
4,23,7701,7701,0,72,0.06857142857142857,0,0,0,0.32918711034988113,0
28,57,14990,9678,0,72,0.08857142857142856,0,1,1,0.051907900236467325,0
12,44,10985,7774,0,60,0.1176923076923077,0,1,0,0.09422993051655626,0
8,24,8453,9166,0,60,0.1261538461538461,0,0,0,0.27177227433221535,0
1,43,7669,7955,0,48,0.061,1,0,0,0.691415683681653,0
5,21,23000,6473,1,24,0.1382352941176471,0,0,1,0.03875747885593263,0
1,59,3980,4294,0,48,0.08083333333333333,0,1,0,0.22432338279736916,0
29,57,4940,5171,0,36,0.1169230769230769,0,1,0,0.090067673604589,0
22,57,4472,4472,0,36,0.03124260355029586,0,1,1,0.053464492126286574,0
1,46,5382,5726,0,24,0.2091666666666667,0,0,1,0.11036421669762717,0
22,42,14665,16068,0,72,0.1075581395348837,1,0,1,0.6987372656285489,0
8,54,8999,10364,0,60,0.09850746268656717,0,1,0,0.1844391954738263,0
9,56,11790,11790,0,72,0.09701492537313433,0,1,1,0.11230613381753556,0
0,45,16300,16300,0,72,0.06912696226934728,0,1,1,0.1120531655889548,0
1,25,20000,20000,0,72,0.1111111111111111,0,1,0,0.37057967984266404,1
2,33,6800,5260,0,48,0.04296296296296296,0,0,1,0.10785300698682318,0
1,25,13210,11900,0,60,0.1010479041916168,0,0,0,0.28533091272436334,0
4,53,16990,13990,0,60,0.1316666666666667,0,1,0,0.12088799785211655,0
34,51,14990,4490,1,24,0.1581967213114754,0,0,1,0.025590754124533745,0
3,68,10990,7367,0,24,0.2423076923076923,0,1,1,0.03861020453196411,1
1,22,9990,11087,0,84,0.09625,0,0,0,0.44422014796522313,0
0,23,12600,13705,0,60,0.2217391304347826,0,0,0,0.514363350960141,0
7,68,6400,4025,0,60,0.04235294117647059,0,0,1,0.16929344054311102,0
22,63,16650,15804,0,60,0.1088235294117647,0,1,0,0.12831589893588968,0
0,18,10078,11118,0,60,0.08578912901113293,0,0,0,0.5270446051037682,1
29,58,6680,6992,0,36,0.05902578796561605,0,1,1,0.06458919669071397,0
5,31,16190,13390,0,60,0.1056497175141243,0,1,1,0.07379432942786725,0
1,47,10490,6490,0,24,0.1709090909090909,0,1,0,0.10802210725356325,0
43,60,8500,4841,1,48,0.0823076923076923,0,0,0,0.0669159987665128,0
1,59,14900,15818,0,72,0.1628205128205128,0,1,1,0.2174723529720382,0
0,22,14000,9000,0,24,0.1556,0,0,0,0.14978666739738464,0
1,26,8900,9725,0,72,0.1057142857142857,0,0,0,0.44988301626254323,0
2,26,2000,2072,0,12,0.0838095238095238,0,0,0,0.12226422223440121,0
9,31,6795,7429,0,60,0.03961965134706814,0,1,1,0.09836448226866043,0
2,20,7480,7280,0,60,0.1386666666666667,0,0,0,0.5464064928107193,0
6,38,12159,10659,0,60,0.09385474860335195,0,1,1,0.06365950775351638,0
0,23,17495,17495,0,60,0.14375,0,0,0,0.41590150108953444,0
18,39,14300,5800,1,24,0.05260869565217392,0,1,0,0.024446298807950795,0
8,28,9675,7873,0,48,0.08876629889669008,0,1,0,0.06320509345346408,0
10,63,11900,11900,0,60,0.04128205128205129,0,1,1,0.08724674988479855,0
2,57,18900,10677,0,72,0.05464285714285715,0,1,1,0.034845518689668155,0
4,51,8237,4357,0,60,0.03346938775510204,0,1,1,0.058429488474238706,0
14,59,6000,7036,0,72,0.0823076923076923,0,1,1,0.14692564979756273,0
24,55,14990,7490,1,36,0.05107398568019093,0,0,1,0.027070307701428677,0
28,58,11060,10270,0,72,0.04571428571428571,0,1,1,0.07653764966834893,0
2,45,5900,4296,0,36,0.09202898550724638,0,0,0,0.16734722908277894,1
4,48,13680,13691,0,96,0.108125,0,0,0,0.3508647172199739,1
18,44,5850,5850,0,36,0.07393939393939394,0,0,0,0.12713010651308232,0
24,82,6680,6300,0,36,0.1105882352941177,0,0,1,0.48595566216560615,0
5,51,14390,7890,1,48,0.05333333333333334,0,1,1,0.028193072519871413,0
0,23,14590,16383,0,96,0.1380597014925373,0,0,0,0.5960654697004445,0
24,51,14990,5350,1,36,0.03979328165374677,0,1,1,0.021125013068957674,0
2,25,5990,6594,0,48,0.0703306939916162,0,1,0,0.2836235182975448,0
10,67,4475,4478,0,48,0.1193181818181818,0,1,0,0.11253402901214479,0
0,29,14080,14890,0,72,0.07411167512690356,0,0,0,0.332374054895658,0
21,45,13500,11000,0,72,0.08706345302508608,0,1,1,0.055771667508588384,0
15,58,11950,9795,0,60,0.054375,0,1,0,0.08863982637018324,0
2,22,12150,12512,0,96,0.1436363636363636,1,0,0,0.6766499097465954,0
16,43,10740,10740,0,72,0.07076663858466722,0,1,1,0.09019703412855916,0
23,63,21950,17352,0,48,0.1196,0,1,1,0.042636733467826406,0
9,48,9130,3990,1,36,0.2681818181818182,0,1,0,0.03808274777759042,0
42,59,16450,5600,1,24,0.09128205128205129,0,1,1,0.013211756502586115,0
16,55,3032,3032,0,15,0.129746835443038,1,0,0,0.4689878636589799,1
2,45,5450,5450,0,60,0.07923076923076923,0,1,0,0.270614708556175,0
2,42,9800,9800,0,48,0.1473333333333333,0,0,0,0.25164238108494985,1
1,26,9500,7196,0,72,0.0519047619047619,0,0,0,0.24151177283737552,0
15,74,12500,10200,0,48,0.078,0,1,0,0.09296788426058264,0
2,60,10850,10416,0,84,0.1118518518518519,0,1,0,0.25065174000965823,0
28,82,6780,5280,0,24,0.1808846761453397,0,0,1,0.48619563613177447,1
29,49,21900,3833,1,36,0.03483992467043315,0,1,0,0.013386542174237466,1
19,60,7350,7500,0,72,0.03365853658536586,0,0,1,0.14875772429157544,0
2,40,9625,10436,0,60,0.055,0,0,0,0.32174446955201663,0
9,42,10270,10270,0,60,0.06156351791530944,0,1,1,0.08514072112616268,0
2,29,12800,14209,0,96,0.08647214854111406,0,1,1,0.24820376331343874,1
30,55,22130,10325,0,48,0.07766666666666666,0,1,1,0.0170080674871303,0
4,38,19350,13150,0,48,0.2114285714285714,0,1,1,0.03285548921756522,0
3,49,5704,5704,0,24,0.2245454545454545,0,1,0,0.08177373832610108,0
4,41,9150,10313,0,96,0.1227272727272727,0,0,0,0.3772695492014755,0
1,38,14980,17142,0,60,0.1778947368421053,0,1,0,0.427227368803503,1
21,57,3486,3682,0,24,0.06666666666666667,1,1,0,0.4273110344629022,1
22,63,9500,8418,0,72,0.0675,0,1,1,0.08568766229236305,0
3,54,22000,22000,0,48,0.1282828282828283,0,1,1,0.11319208570900456,0
0,27,9950,9950,0,60,0.057,0,1,0,0.3626253117179583,0
2,23,8875,4649,0,36,0.08,0,0,0,0.09306827153689756,0
0,32,12490,12490,0,84,0.09960384833050367,0,0,0,0.31317879510393676,1
0,34,14160,14160,0,48,0.097,0,0,0,0.298113849138002,0
1,67,11215,7865,0,60,0.164367816091954,0,1,1,0.06969204830065454,0
2,55,5900,5707,0,48,0.05333333333333334,0,0,0,0.19488385972519237,0
41,58,8334,8334,0,24,0.1956756756756757,0,1,1,0.04573620026821036,0
5,62,10400,9827,0,48,0.135625,0,0,0,0.18779184414767014,0
2,54,11532,11532,0,48,0.0725,0,0,1,0.11371036499661676,0
2,43,19340,19340,0,72,0.08823529411764706,0,1,1,0.10779614281693539,0
17,53,13800,7800,0,24,0.09657142857142857,0,0,0,0.036107153803929634,0
1,43,19900,18895,0,60,0.2225,0,1,0,0.29617139530733166,1
1,23,24890,23890,0,72,0.1643478260869565,0,0,0,0.6492426697725714,1
7,67,21250,21250,0,48,0.1620689655172414,0,1,1,0.08322938252389694,0
13,46,8028,6824,0,48,0.09625,0,1,1,0.06387546361482525,0
21,56,14069,3335,1,36,0.06896551724137931,0,1,0,0.03054687468046659,0
1,52,9990,9990,0,48,0.07345575959933222,0,1,1,0.10772521689567188,0
36,65,14990,8364,0,48,0.04411764705882353,0,1,1,0.025868632139382352,0
2,34,21950,21950,0,84,0.186875,0,0,0,0.6147111772925918,0
3,25,14990,12510,0,60,0.1727941176470588,0,0,0,0.21887254701317424,0
4,43,13750,7549,0,48,0.07271171941830624,0,0,0,0.055969869202203794,0
23,45,8950,8518,0,48,0.04310344827586207,0,0,0,0.08247287948968454,0
0,26,5019,5548,0,36,0.1406779661016949,1,0,0,0.7256699783399998,1
26,66,4856,4856,0,48,0.1057142857142857,0,1,1,0.08596598580590975,0
0,25,14900,14273,0,48,0.1625,0,0,0,0.3186404763419589,0
0,19,9999,10882,0,60,0.09259259259259259,0,0,0,0.5072693589443333,1
17,43,13490,8490,0,36,0.04464285714285714,0,1,1,0.022534363589064504,0
7,39,19340,14254,0,96,0.03744292237442922,0,1,0,0.04714366819086788,0
2,20,13195,16129,0,60,0.2018181818181818,0,0,0,0.6323875253306824,1
14,52,14200,13945,0,36,0.0748,0,0,1,0.06631223701543572,0
1,22,8500,8500,0,48,0.05555555555555555,0,0,0,0.24169455140381932,0
40,63,13488,13488,0,72,0.117032967032967,0,0,1,0.20882263820409774,1
1,31,16220,17831,0,72,0.09734917733089579,0,1,0,0.3145731163830964,0
32,57,5389,3783,0,48,0.04292929292929293,0,1,0,0.07644712479359833,0
5,58,17500,11200,0,36,0.1675,0,1,1,0.030255775363836664,0
21,56,6500,5869,0,60,0.09166666666666666,0,0,1,0.16109266103039785,1
4,66,12990,12990,0,60,0.05023761031907671,0,1,0,0.21635326678587644,0
1,46,16410,17678,0,60,0.1386904761904762,0,0,0,0.38519174603311074,1
0,39,5500,5886,0,24,0.06521739130434782,0,0,0,0.2236842990618042,0
5,48,21500,7000,1,12,0.14975,0,1,1,0.009638613235763227,0
2,24,14999,15108,0,72,0.11712158808933,0,1,1,0.33829532444029403,1
43,59,11839,3954,1,36,0.05451127819548872,0,1,0,0.0360219675850884,0
4,35,8900,2900,1,12,0.1458823529411765,0,1,0,0.03465243483853845,0
34,55,17500,15532,0,60,0.07095238095238095,0,1,0,0.08060591589202716,0
8,55,13750,10230,0,48,0.1614285714285714,0,1,0,0.052495339713094745,0
18,56,15975,11676,0,60,0.15,0,1,0,0.08091708926490238,0
0,47,15990,13990,0,60,0.1664507772020725,0,1,0,0.1655904275492968,0
9,50,13090,6219,0,36,0.07647058823529412,0,0,0,0.052415442893848016,0
5,24,9490,9768,0,60,0.1142857142857143,0,0,0,0.30770584195902384,0
2,54,6500,2400,1,24,0.07,0,1,1,0.06031241389754233,0
0,33,16400,10400,0,24,0.1322222222222222,0,0,0,0.11373646520101045,0
6,29,19890,19890,0,60,0.1478571428571429,0,0,0,0.20358529620310215,0
18,51,5364,6160,0,60,0.07532956685499058,0,1,0,0.16812459822151204,0
2,26,7750,8829,0,60,0.1314741035856574,0,0,0,0.43359521330883366,0
4,38,20590,21810,0,48,0.09323703217334209,0,0,0,0.18085119881149178,0
3,47,17999,12600,0,36,0.1538461538461539,0,1,1,0.034725558813604486,0
22,48,6825,7370,0,72,0.04413239719157473,0,1,1,0.10196024322589843,0
23,45,11850,9704,0,48,0.06398378691372322,0,1,1,0.054158124015262106,0
22,60,10490,12019,0,84,0.0656,0,1,0,0.17291201405076656,1
22,41,8000,8000,0,72,0.02943213296398892,0,1,1,0.10781471163963766,0
4,55,11343,10343,0,36,0.1744444444444445,0,1,0,0.09825722118766014,1
12,51,6147,6147,0,60,0.04708333333333333,0,0,1,0.1268301898356657,0
